"id","type","dataType","group","status","uiName","description","allowedInSegments","replacedBy","calculation","minTemplateIndex","maxTemplateIndex","premiumMinTemplateIndex","premiumMaxTemplateIndex"
"ga:userType","DIMENSION","STRING","User","PUBLIC","User Type","A boolean indicating if a user is new or returning. Possible values: New Visitor, Returning Visitor.",TRUE,NA,NA,NA,NA,NA,NA
"ga:visitorType","DIMENSION","STRING","User","DEPRECATED","User Type","A boolean indicating if a user is new or returning. Possible values: New Visitor, Returning Visitor.",TRUE,"ga:userType",NA,NA,NA,NA,NA
"ga:sessionCount","DIMENSION","STRING","User","PUBLIC","Count of Sessions","The session index for a user. Each session from a unique user will get its own incremental index starting from 1 for the first session. Subsequent sessions do not change previous session indicies. For example, if a certain user has 4 sessions to your website, sessionCount for that user will have 4 distinct values of '1' through '4'.",TRUE,NA,NA,NA,NA,NA,NA
"ga:visitCount","DIMENSION","STRING","User","DEPRECATED","Count of Sessions","The session index for a user. Each session from a unique user will get its own incremental index starting from 1 for the first session. Subsequent sessions do not change previous session indicies. For example, if a certain user has 4 sessions to your website, sessionCount for that user will have 4 distinct values of '1' through '4'.",TRUE,"ga:sessionCount",NA,NA,NA,NA,NA
"ga:daysSinceLastSession","DIMENSION","STRING","User","PUBLIC","Days Since Last Session","The number of days elapsed since users last visited your property. Used to calculate user loyalty.",TRUE,NA,NA,NA,NA,NA,NA
"ga:daysSinceLastVisit","DIMENSION","STRING","User","DEPRECATED","Days Since Last Session","The number of days elapsed since users last visited your property. Used to calculate user loyalty.",TRUE,"ga:daysSinceLastSession",NA,NA,NA,NA,NA
"ga:userDefinedValue","DIMENSION","STRING","User","PUBLIC","User Defined Value","The value provided when you define custom user segments for your property.",TRUE,NA,NA,NA,NA,NA,NA
"ga:users","METRIC","INTEGER","User","PUBLIC","Users","The total number of users for the requested time period.",NA,NA,NA,NA,NA,NA,NA
"ga:visitors","METRIC","INTEGER","User","DEPRECATED","Users","The total number of users for the requested time period.",NA,"ga:users",NA,NA,NA,NA,NA
"ga:newUsers","METRIC","INTEGER","User","PUBLIC","New Users","The number of users whose session was marked as a first-time session.",TRUE,NA,NA,NA,NA,NA,NA
"ga:newVisits","METRIC","INTEGER","User","DEPRECATED","New Users","The number of users whose session was marked as a first-time session.",TRUE,"ga:newUsers",NA,NA,NA,NA,NA
"ga:percentNewSessions","METRIC","PERCENT","User","PUBLIC","% New Sessions","The percentage of sessions by people who had never visited your property before.",NA,NA,"ga:newUsers / ga:sessions",NA,NA,NA,NA
"ga:percentNewVisits","METRIC","PERCENT","User","DEPRECATED","% New Sessions","The percentage of sessions by people who had never visited your property before.",NA,"ga:percentNewSessions","ga:newUsers / ga:sessions",NA,NA,NA,NA
"ga:1dayUsers","METRIC","INTEGER","User","PUBLIC","1 Day Active Users","Total number of 1-day active users for each day in the requested time period. At least one of ga:nthDay, ga:date, or ga:day must be specified as a dimension in order to query this metric. For the given date the returned value will be the total unique users for the 1 day period ending on the given date.",NA,NA,NA,NA,NA,NA,NA
"ga:7dayUsers","METRIC","INTEGER","User","PUBLIC","7 Day Active Users","Total number of 7-day active users for each day in the requested time period. At least one of ga:nthDay, ga:date, or ga:day must be specified as a dimension in order to query this metric. For the given date the returned value will be the total unique users for the 7 day period ending on the given date.",NA,NA,NA,NA,NA,NA,NA
"ga:14dayUsers","METRIC","INTEGER","User","PUBLIC","14 Day Active Users","Total number of 14-day active users for each day in the requested time period. At least one of ga:nthDay, ga:date, or ga:day must be specified as a dimension in order to query this metric. For the given date the returned value will be the total unique users for the 14 day period ending on the given date.",NA,NA,NA,NA,NA,NA,NA
"ga:30dayUsers","METRIC","INTEGER","User","PUBLIC","30 Day Active Users","Total number of 30-day active users for each day in the requested time period. At least one of ga:nthDay, ga:date, or ga:day must be specified as a dimension in order to query this metric. For the given date the returned value will be the total unique users for the 30 day period ending on the given date.",NA,NA,NA,NA,NA,NA,NA
"ga:sessionDurationBucket","DIMENSION","STRING","Session","PUBLIC","Session Duration","The length of a session measured in seconds and reported in second increments. The value returned is a string.",TRUE,NA,NA,NA,NA,NA,NA
"ga:visitLength","DIMENSION","STRING","Session","DEPRECATED","Session Duration","The length of a session measured in seconds and reported in second increments. The value returned is a string.",TRUE,"ga:sessionDurationBucket",NA,NA,NA,NA,NA
"ga:sessions","METRIC","INTEGER","Session","PUBLIC","Sessions","The total number of sessions.",TRUE,NA,NA,NA,NA,NA,NA
"ga:visits","METRIC","INTEGER","Session","DEPRECATED","Sessions","The total number of sessions.",TRUE,"ga:sessions",NA,NA,NA,NA,NA
"ga:bounces","METRIC","INTEGER","Session","PUBLIC","Bounces","The total number of single page (or single engagement hit) sessions for your property.",TRUE,NA,NA,NA,NA,NA,NA
"ga:entranceBounceRate","METRIC","PERCENT","Session","DEPRECATED","Bounce Rate","This dimension is deprecated and will be removed soon. Please use ga:bounceRate instead.",NA,"ga:bounceRate","ga:bounces / ga:entrances",NA,NA,NA,NA
"ga:bounceRate","METRIC","PERCENT","Session","PUBLIC","Bounce Rate","The percentage of single-page session (i.e., session in which the person left your property from the first page).",NA,NA,"ga:bounces / ga:sessions",NA,NA,NA,NA
"ga:visitBounceRate","METRIC","PERCENT","Session","DEPRECATED","Bounce Rate","The percentage of single-page session (i.e., session in which the person left your property from the first page).",NA,"ga:bounceRate","ga:bounces / ga:sessions",NA,NA,NA,NA
"ga:sessionDuration","METRIC","TIME","Session","PUBLIC","Session Duration","The total duration of user sessions represented in total seconds.",TRUE,NA,NA,NA,NA,NA,NA
"ga:timeOnSite","METRIC","TIME","Session","DEPRECATED","Session Duration","The total duration of user sessions represented in total seconds.",TRUE,"ga:sessionDuration",NA,NA,NA,NA,NA
"ga:avgSessionDuration","METRIC","TIME","Session","PUBLIC","Avg. Session Duration","The average duration of user sessions represented in total seconds.",NA,NA,"ga:sessionDuration / ga:sessions",NA,NA,NA,NA
"ga:avgTimeOnSite","METRIC","TIME","Session","DEPRECATED","Avg. Session Duration","The average duration of user sessions represented in total seconds.",NA,"ga:avgSessionDuration","ga:sessionDuration / ga:sessions",NA,NA,NA,NA
"ga:referralPath","DIMENSION","STRING","Traffic Sources","PUBLIC","Referral Path","The path of the referring URL (e.g. document.referrer). If someone places a link to your property on their website, this element contains the path of the page that contains the referring link.",TRUE,NA,NA,NA,NA,NA,NA
"ga:fullReferrer","DIMENSION","STRING","Traffic Sources","PUBLIC","Full Referrer","The full referring URL including the hostname and path.",NA,NA,NA,NA,NA,NA,NA
"ga:campaign","DIMENSION","STRING","Traffic Sources","PUBLIC","Campaign","When using manual campaign tracking, the value of the utm_campaign campaign tracking parameter. When using AdWords autotagging, the name(s) of the online ad campaign that you use for your property. Otherwise the value (not set) is used.",TRUE,NA,NA,NA,NA,NA,NA
"ga:source","DIMENSION","STRING","Traffic Sources","PUBLIC","Source","The source of referrals. When using manual campaign tracking, the value of the utm_source campaign tracking parameter. When using AdWords autotagging, the value is google. Otherwise the domain of the source referring the user (e.g. document.referrer). The value may also contain a port address. If the user arrived without a referrer, the value is (direct)",TRUE,NA,NA,NA,NA,NA,NA
"ga:medium","DIMENSION","STRING","Traffic Sources","PUBLIC","Medium","The type of referrals. When using manual campaign tracking, the value of the utm_medium campaign tracking parameter. When using AdWords autotagging, the value is ppc. If the user comes from a search engine detected by Google Analytics, the value is organic. If the referrer is not a search engine, the value is referral. If the users came directly to the property, and document.referrer is empty, the value is (none).",TRUE,NA,NA,NA,NA,NA,NA
"ga:sourceMedium","DIMENSION","STRING","Traffic Sources","PUBLIC","Source / Medium","Combined values of ga:source and ga:medium.",TRUE,NA,NA,NA,NA,NA,NA
"ga:keyword","DIMENSION","STRING","Traffic Sources","PUBLIC","Keyword","When using manual campaign tracking, the value of the utm_term campaign tracking parameter. When using AdWords autotagging or if a user used organic search to reach your property, the keywords used by users to reach your property. Otherwise the value is (not set).",TRUE,NA,NA,NA,NA,NA,NA
"ga:adContent","DIMENSION","STRING","Traffic Sources","PUBLIC","Ad Content","When using manual campaign tracking, the value of the utm_content campaign tracking parameter. When using AdWords autotagging, the first line of the text for your online Ad campaign. If you are using mad libs for your AdWords content, this field displays the keywords you provided for the mad libs keyword match. Otherwise the value is (not set)",TRUE,NA,NA,NA,NA,NA,NA
"ga:socialNetwork","DIMENSION","STRING","Traffic Sources","PUBLIC","","Name of the social network. This can be related to the referring social network for traffic sources, or to the social network for social data hub activities. E.g. Google+, Blogger, etc.",NA,NA,NA,NA,NA,NA,NA
"ga:hasSocialSourceReferral","DIMENSION","STRING","Traffic Sources","PUBLIC","Social Source Referral","Indicates sessions that arrived to the property from a social source. The possible values are Yes or No where the first letter is capitalized.",NA,NA,NA,NA,NA,NA,NA
"ga:organicSearches","METRIC","INTEGER","Traffic Sources","PUBLIC","Organic Searches","The number of organic searches that happened within a session. This metric is search engine agnostic.",NA,NA,NA,NA,NA,NA,NA
"ga:adGroup","DIMENSION","STRING","Adwords","PUBLIC","Ad Group","The name of your AdWords ad group.",TRUE,NA,NA,NA,NA,NA,NA
"ga:adSlot","DIMENSION","STRING","Adwords","PUBLIC","Ad Slot","The location of the advertisement on the hosting page (Top, RHS, or not set).",TRUE,NA,NA,NA,NA,NA,NA
"ga:adSlotPosition","DIMENSION","STRING","Adwords","DEPRECATED","Ad Slot Position","This dimension is deprecated and will be removed soon.",TRUE,NA,NA,NA,NA,NA,NA
"ga:adDistributionNetwork","DIMENSION","STRING","Adwords","PUBLIC","Ad Distribution Network","The networks used to deliver your ads (Content, Search, Search partners, etc.).",NA,NA,NA,NA,NA,NA,NA
"ga:adMatchType","DIMENSION","STRING","Adwords","PUBLIC","Query Match Type","The match types applied for the search term the user had input(Phrase, Exact, Broad, etc.). Ads on the content network are identified as ""Content network"". Details: https://support.google.com/adwords/answer/2472708?hl=en",NA,NA,NA,NA,NA,NA,NA
"ga:adKeywordMatchType","DIMENSION","STRING","Adwords","PUBLIC","Keyword Match Type","The match types applied to your keywords (Phrase, Exact, Broad). Details: https://support.google.com/adwords/answer/2472708?hl=en",NA,NA,NA,NA,NA,NA,NA
"ga:adMatchedQuery","DIMENSION","STRING","Adwords","PUBLIC","Matched Search Query","The search queries that triggered impressions of your AdWords ads.",NA,NA,NA,NA,NA,NA,NA
"ga:adPlacementDomain","DIMENSION","STRING","Adwords","PUBLIC","Placement Domain","The domains where your ads on the content network were placed.",NA,NA,NA,NA,NA,NA,NA
"ga:adPlacementUrl","DIMENSION","STRING","Adwords","PUBLIC","Placement URL","The URLs where your ads on the content network were placed.",NA,NA,NA,NA,NA,NA,NA
"ga:adFormat","DIMENSION","STRING","Adwords","PUBLIC","Ad Format","Your AdWords ad formats (Text, Image, Flash, Video, etc.).",NA,NA,NA,NA,NA,NA,NA
"ga:adTargetingType","DIMENSION","STRING","Adwords","PUBLIC","Targeting Type","How your AdWords ads were targeted (keyword, placement, and vertical targeting, etc.).",TRUE,NA,NA,NA,NA,NA,NA
"ga:adTargetingOption","DIMENSION","STRING","Adwords","PUBLIC","Placement Type","How you manage your ads on the content network. Values are Automatic placements or Managed placements.",NA,NA,NA,NA,NA,NA,NA
"ga:adDisplayUrl","DIMENSION","STRING","Adwords","PUBLIC","Display URL","The URLs your AdWords ads displayed.",NA,NA,NA,NA,NA,NA,NA
"ga:adDestinationUrl","DIMENSION","STRING","Adwords","PUBLIC","Destination URL","The URLs to which your AdWords ads referred traffic.",NA,NA,NA,NA,NA,NA,NA
"ga:adwordsCustomerID","DIMENSION","STRING","Adwords","PUBLIC","AdWords Customer ID","A string. Corresponds to AdWords API AccountInfo.customerId.",NA,NA,NA,NA,NA,NA,NA
"ga:adwordsCampaignID","DIMENSION","STRING","Adwords","PUBLIC","AdWords Campaign ID","A string. Corresponds to AdWords API Campaign.id.",NA,NA,NA,NA,NA,NA,NA
"ga:adwordsAdGroupID","DIMENSION","STRING","Adwords","PUBLIC","AdWords Ad Group ID","A string. Corresponds to AdWords API AdGroup.id.",NA,NA,NA,NA,NA,NA,NA
"ga:adwordsCreativeID","DIMENSION","STRING","Adwords","PUBLIC","AdWords Creative ID","A string. Corresponds to AdWords API Ad.id.",NA,NA,NA,NA,NA,NA,NA
"ga:adwordsCriteriaID","DIMENSION","STRING","Adwords","PUBLIC","AdWords Criteria ID","A string corresponding to the AdWords API Criterion.id. The geographical targeting Criteria IDs can be found at: https://developers.google.com/analytics/devguides/collection/protocol/v1/geoid",NA,NA,NA,NA,NA,NA,NA
"ga:impressions","METRIC","INTEGER","Adwords","PUBLIC","Impressions","Total number of campaign impressions.",NA,NA,NA,NA,NA,NA,NA
"ga:adClicks","METRIC","INTEGER","Adwords","PUBLIC","Clicks","The total number of times users have clicked on an ad to reach your property.",NA,NA,NA,NA,NA,NA,NA
"ga:adCost","METRIC","CURRENCY","Adwords","PUBLIC","Cost","Derived cost for the advertising campaign. The currency for this value is based on the currency that you set in your AdWords account.",NA,NA,NA,NA,NA,NA,NA
"ga:CPM","METRIC","CURRENCY","Adwords","PUBLIC","CPM","Cost per thousand impressions.",NA,NA,"ga:adCost / (ga:impressions / 1000)",NA,NA,NA,NA
"ga:CPC","METRIC","CURRENCY","Adwords","PUBLIC","CPC","Cost to advertiser per click.",NA,NA,"ga:adCost / ga:adClicks",NA,NA,NA,NA
"ga:CTR","METRIC","PERCENT","Adwords","PUBLIC","CTR","Click-through-rate for your ad. This is equal to the number of clicks divided by the number of impressions for your ad (e.g. how many times users clicked on one of your ads where that ad appeared).",NA,NA,"ga:adClicks / ga:impressions",NA,NA,NA,NA
"ga:costPerTransaction","METRIC","CURRENCY","Adwords","PUBLIC","Cost per Transaction","The cost per transaction for your property.",NA,NA,"(ga:adCost) / (ga:transactions)",NA,NA,NA,NA
"ga:costPerGoalConversion","METRIC","CURRENCY","Adwords","PUBLIC","Cost per Goal Conversion","The cost per goal conversion for your property.",NA,NA,"(ga:adCost) / (ga:goalCompletionsAll)",NA,NA,NA,NA
"ga:costPerConversion","METRIC","CURRENCY","Adwords","PUBLIC","Cost per Conversion","The cost per conversion (including ecommerce and goal conversions) for your property.",NA,NA,"(ga:adCost) / (ga:transactions  +  ga:goalCompletionsAll)",NA,NA,NA,NA
"ga:RPC","METRIC","CURRENCY","Adwords","PUBLIC","RPC","RPC or revenue-per-click is the average revenue (from ecommerce sales and/or goal value) you received for each click on one of your search ads.",NA,NA,"(ga:transactionRevenue + ga:goalValueAll) / ga:adClicks",NA,NA,NA,NA
"ga:ROI","METRIC","PERCENT","Adwords","DEPRECATED","ROI","This metric is deprecated and will be removed soon. Please use ga:ROAS instead.",NA,NA,"(ga:transactionRevenue + ga:goalValueAll - ga:adCost) / ga:adCost",NA,NA,NA,NA
"ga:margin","METRIC","PERCENT","Adwords","DEPRECATED","Margin","This metric is deprecated and will be removed soon. Please use ga:ROAS instead.",NA,NA,"(ga:transactionRevenue + ga:goalValueAll - ga:adCost) / (ga:transactionRevenue + ga:goalValueAll)",NA,NA,NA,NA
"ga:ROAS","METRIC","PERCENT","Adwords","PUBLIC","ROAS","Return On Ad Spend (ROAS) is the total transaction revenue and goal value divided by derived advertising cost.",NA,NA,"(ga:transactionRevenue + ga:goalValueAll) / ga:adCost",NA,NA,NA,NA
"ga:adQueryWordCount","DIMENSION","STRING","Adwords","PUBLIC","Query Word Count","The number of words in the search query.",NA,NA,NA,NA,NA,NA,NA
"ga:goalCompletionLocation","DIMENSION","STRING","Goal Conversions","PUBLIC","Goal Completion Location","The page path or screen name that matched any destination type goal completion.",NA,NA,NA,NA,NA,NA,NA
"ga:goalPreviousStep1","DIMENSION","STRING","Goal Conversions","PUBLIC","Goal Previous Step - 1","The page path or screen name that matched any destination type goal, one step prior to the goal completion location.",NA,NA,NA,NA,NA,NA,NA
"ga:goalPreviousStep2","DIMENSION","STRING","Goal Conversions","PUBLIC","Goal Previous Step - 2","The page path or screen name that matched any destination type goal, two steps prior to the goal completion location.",NA,NA,NA,NA,NA,NA,NA
"ga:goalPreviousStep3","DIMENSION","STRING","Goal Conversions","PUBLIC","Goal Previous Step - 3","The page path or screen name that matched any destination type goal, three steps prior to the goal completion location.",NA,NA,NA,NA,NA,NA,NA
"ga:goalXXStarts","METRIC","INTEGER","Goal Conversions","PUBLIC","Goal XX Starts","The total number of starts for the requested goal number.",TRUE,NA,NA,1,20,NA,NA
"ga:goalStartsAll","METRIC","INTEGER","Goal Conversions","PUBLIC","Goal Starts","The total number of starts for all goals defined for your profile.",TRUE,NA,NA,NA,NA,NA,NA
"ga:goalXXCompletions","METRIC","INTEGER","Goal Conversions","PUBLIC","Goal XX Completions","The total number of completions for the requested goal number.",TRUE,NA,NA,1,20,NA,NA
"ga:goalCompletionsAll","METRIC","INTEGER","Goal Conversions","PUBLIC","Goal Completions","The total number of completions for all goals defined for your profile.",TRUE,NA,NA,NA,NA,NA,NA
"ga:goalXXValue","METRIC","CURRENCY","Goal Conversions","PUBLIC","Goal XX Value","The total numeric value for the requested goal number.",TRUE,NA,NA,1,20,NA,NA
"ga:goalValueAll","METRIC","CURRENCY","Goal Conversions","PUBLIC","Goal Value","The total numeric value for all goals defined for your profile.",TRUE,NA,NA,NA,NA,NA,NA
"ga:goalValuePerSession","METRIC","CURRENCY","Goal Conversions","PUBLIC","Per Session Goal Value","The average goal value of a session.",NA,NA,"ga:goalValueAll / ga:sessions",NA,NA,NA,NA
"ga:goalValuePerVisit","METRIC","CURRENCY","Goal Conversions","DEPRECATED","Per Session Goal Value","The average goal value of a session.",NA,"ga:goalValuePerSession","ga:goalValueAll / ga:sessions",NA,NA,NA,NA
"ga:goalXXConversionRate","METRIC","PERCENT","Goal Conversions","PUBLIC","Goal XX Conversion Rate","The percentage of sessions which resulted in a conversion to the requested goal number.",NA,NA,"ga:goalXXCompletions / ga:sessions",1,20,NA,NA
"ga:goalConversionRateAll","METRIC","PERCENT","Goal Conversions","PUBLIC","Goal Conversion Rate","The percentage of sessions which resulted in a conversion to at least one of your goals.",NA,NA,"ga:goalCompletionsAll / ga:sessions",NA,NA,NA,NA
"ga:goalXXAbandons","METRIC","INTEGER","Goal Conversions","PUBLIC","Goal XX Abandoned Funnels","The number of times users started conversion activity on the requested goal number without actually completing it.",NA,NA,"(ga:goalXXStarts - ga:goalXXCompletions)",1,20,NA,NA
"ga:goalAbandonsAll","METRIC","INTEGER","Goal Conversions","PUBLIC","Abandoned Funnels","The overall number of times users started goals without actually completing them.",NA,NA,"(ga:goalStartsAll - ga:goalCompletionsAll)",NA,NA,NA,NA
"ga:goalXXAbandonRate","METRIC","PERCENT","Goal Conversions","PUBLIC","Goal XX Abandonment Rate","The rate at which the requested goal number was abandoned.",NA,NA,"((ga:goalXXStarts - ga:goalXXCompletions)) / (ga:goalXXStarts)",1,20,NA,NA
"ga:goalAbandonRateAll","METRIC","PERCENT","Goal Conversions","PUBLIC","Total Abandonment Rate","The rate at which goals were abandoned.",NA,NA,"((ga:goalStartsAll - ga:goalCompletionsAll)) / (ga:goalStartsAll)",NA,NA,NA,NA
"ga:browser","DIMENSION","STRING","Platform or Device","PUBLIC","Browser","The names of browsers used by users to your website. For example, Internet Explorer or Firefox.",TRUE,NA,NA,NA,NA,NA,NA
"ga:browserVersion","DIMENSION","STRING","Platform or Device","PUBLIC","Browser Version","The browser versions used by users to your website. For example, 2.0.0.14",TRUE,NA,NA,NA,NA,NA,NA
"ga:operatingSystem","DIMENSION","STRING","Platform or Device","PUBLIC","Operating System","The operating system used by your users. For example, Windows, Linux , Macintosh, iPhone, iPod.",TRUE,NA,NA,NA,NA,NA,NA
"ga:operatingSystemVersion","DIMENSION","STRING","Platform or Device","PUBLIC","Operating System Version","The version of the operating system used by your users, such as XP for Windows or PPC for Macintosh.",TRUE,NA,NA,NA,NA,NA,NA
"ga:isMobile","DIMENSION","STRING","Platform or Device","DEPRECATED","Mobile (Including Tablet)","This dimension is deprecated and will be removed soon. Please use ga:deviceCategory instead (e.g., ga:deviceCategory==mobile).",TRUE,NA,NA,NA,NA,NA,NA
"ga:isTablet","DIMENSION","STRING","Platform or Device","DEPRECATED","Tablet","This dimension is deprecated and will be removed soon. Please use ga:deviceCategory instead (e.g., ga:deviceCategory==tablet).",TRUE,NA,NA,NA,NA,NA,NA
"ga:mobileDeviceBranding","DIMENSION","STRING","Platform or Device","PUBLIC","Mobile Device Branding","Mobile manufacturer or branded name.",TRUE,NA,NA,NA,NA,NA,NA
"ga:mobileDeviceModel","DIMENSION","STRING","Platform or Device","PUBLIC","Mobile Device Model","Mobile device model.",TRUE,NA,NA,NA,NA,NA,NA
"ga:mobileInputSelector","DIMENSION","STRING","Platform or Device","PUBLIC","Mobile Input Selector","Selector used on the mobile device (e.g.: touchscreen, joystick, clickwheel, stylus).",TRUE,NA,NA,NA,NA,NA,NA
"ga:mobileDeviceInfo","DIMENSION","STRING","Platform or Device","PUBLIC","Mobile Device Info","The branding, model, and marketing name used to identify the mobile device.",TRUE,NA,NA,NA,NA,NA,NA
"ga:mobileDeviceMarketingName","DIMENSION","STRING","Platform or Device","PUBLIC","Mobile Device Marketing Name","The marketing name used for the mobile device.",TRUE,NA,NA,NA,NA,NA,NA
"ga:deviceCategory","DIMENSION","STRING","Platform or Device","PUBLIC","Device Category","The type of device: desktop, tablet, or mobile.",TRUE,NA,NA,NA,NA,NA,NA
"ga:continent","DIMENSION","STRING","Geo Network","PUBLIC","Continent","The continents of users, derived from IP addresses or Geographical IDs.",TRUE,NA,NA,NA,NA,NA,NA
"ga:subContinent","DIMENSION","STRING","Geo Network","PUBLIC","Sub Continent","The sub-continent of users, derived from IP addresses or Geographical IDs. For example, Polynesia or Northern Europe.",TRUE,NA,NA,NA,NA,NA,NA
"ga:country","DIMENSION","STRING","Geo Network","PUBLIC","Country","The country of users, derived from IP addresses or Geographical IDs.",TRUE,NA,NA,NA,NA,NA,NA
"ga:region","DIMENSION","STRING","Geo Network","PUBLIC","Region","The region of users, derived from IP addresses or Geographical IDs. In the U.S., a region is a state, such as New York.",TRUE,NA,NA,NA,NA,NA,NA
"ga:metro","DIMENSION","STRING","Geo Network","PUBLIC","Metro","The Designated Market Area (DMA) from where traffic arrived.",TRUE,NA,NA,NA,NA,NA,NA
"ga:city","DIMENSION","STRING","Geo Network","PUBLIC","City","The cities of users, derived from IP addresses or Geographical IDs.",TRUE,NA,NA,NA,NA,NA,NA
"ga:latitude","DIMENSION","STRING","Geo Network","PUBLIC","Latitude","The approximate latitude of the user's city. Derived from IP addresses or Geographical IDs. Locations north of the equator are represented by positive values and locations south of the equator by negative values.",NA,NA,NA,NA,NA,NA,NA
"ga:longitude","DIMENSION","STRING","Geo Network","PUBLIC","Longitude","The approximate longitude of the user's city. Derived from IP addresses or Geographical IDs. Locations east of the meridian are represented by positive values and locations west of the meridian by negative values.",NA,NA,NA,NA,NA,NA,NA
"ga:networkDomain","DIMENSION","STRING","Geo Network","PUBLIC","Network Domain","The domain name of the ISPs used by users. This is derived from the domain name registered to the IP address.",TRUE,NA,NA,NA,NA,NA,NA
"ga:networkLocation","DIMENSION","STRING","Geo Network","PUBLIC","Service Provider","The name of service providers used to reach your property. For example, if most users to your website come via the major service providers for cable internet, you will see the names of those cable service providers in this element.",TRUE,NA,NA,NA,NA,NA,NA
"ga:flashVersion","DIMENSION","STRING","System","PUBLIC","Flash Version","The versions of Flash supported by users' browsers, including minor versions.",TRUE,NA,NA,NA,NA,NA,NA
"ga:javaEnabled","DIMENSION","STRING","System","PUBLIC","Java Support","Indicates Java support for users' browsers. The possible values are Yes or No where the first letter must be capitalized.",TRUE,NA,NA,NA,NA,NA,NA
"ga:language","DIMENSION","STRING","System","PUBLIC","Language","The language provided by the HTTP Request for the browser. Values are given as an ISO-639 code (e.g. en-gb for British English).",TRUE,NA,NA,NA,NA,NA,NA
"ga:screenColors","DIMENSION","STRING","System","PUBLIC","Screen Colors","The color depth of users' monitors, as retrieved from the DOM of the user's browser. For example 4-bit, 8-bit, 24-bit, or undefined-bit.",TRUE,NA,NA,NA,NA,NA,NA
"ga:sourcePropertyDisplayName","DIMENSION","STRING","System","PUBLIC","Source Property Display Name","Source property display name of roll-up properties. This is valid only for roll-up properties.",TRUE,NA,NA,NA,NA,NA,NA
"ga:sourcePropertyTrackingId","DIMENSION","STRING","System","PUBLIC","Source Property Tracking ID","Source property tracking ID of roll-up properties. This is valid only for roll-up properties.",TRUE,NA,NA,NA,NA,NA,NA
"ga:screenResolution","DIMENSION","STRING","System","PUBLIC","Screen Resolution","The screen resolution of users' screens. For example: 1024x738.",TRUE,NA,NA,NA,NA,NA,NA
"ga:socialActivityEndorsingUrl","DIMENSION","STRING","Social Activities","PUBLIC","Endorsing URL","For a social data hub activity, this value represents the URL of the social activity (e.g. the Google+ post URL, the blog comment URL, etc.)",NA,NA,NA,NA,NA,NA,NA
"ga:socialActivityDisplayName","DIMENSION","STRING","Social Activities","PUBLIC","Display Name","For a social data hub activity, this value represents the title of the social activity posted by the social network user.",NA,NA,NA,NA,NA,NA,NA
"ga:socialActivityPost","DIMENSION","STRING","Social Activities","PUBLIC","Social Activity Post","For a social data hub activity, this value represents the content of the social activity posted by the social network user (e.g. The message content of a Google+ post)",NA,NA,NA,NA,NA,NA,NA
"ga:socialActivityTimestamp","DIMENSION","STRING","Social Activities","PUBLIC","Social Activity Timestamp","For a social data hub activity, this value represents when the social activity occurred on the social network.",NA,NA,NA,NA,NA,NA,NA
"ga:socialActivityUserHandle","DIMENSION","STRING","Social Activities","PUBLIC","Social User Handle","For a social data hub activity, this value represents the social network handle (e.g. name or ID) of the user who initiated the social activity.",NA,NA,NA,NA,NA,NA,NA
"ga:socialActivityUserPhotoUrl","DIMENSION","STRING","Social Activities","PUBLIC","User Photo URL","For a social data hub activity, this value represents the URL of the photo associated with the user's social network profile.",NA,NA,NA,NA,NA,NA,NA
"ga:socialActivityUserProfileUrl","DIMENSION","STRING","Social Activities","PUBLIC","User Profile URL","For a social data hub activity, this value represents the URL of the associated user's social network profile.",NA,NA,NA,NA,NA,NA,NA
"ga:socialActivityContentUrl","DIMENSION","STRING","Social Activities","PUBLIC","Shared URL","For a social data hub activity, this value represents the URL shared by the associated social network user.",NA,NA,NA,NA,NA,NA,NA
"ga:socialActivityTagsSummary","DIMENSION","STRING","Social Activities","PUBLIC","Social Tags Summary","For a social data hub activity, this is a comma-separated set of tags associated with the social activity.",NA,NA,NA,NA,NA,NA,NA
"ga:socialActivityAction","DIMENSION","STRING","Social Activities","PUBLIC","Originating Social Action","For a social data hub activity, this value represents the type of social action associated with the activity (e.g. vote, comment, +1, etc.).",NA,NA,NA,NA,NA,NA,NA
"ga:socialActivityNetworkAction","DIMENSION","STRING","Social Activities","PUBLIC","Social Network and Action","For a social data hub activity, this value represents the type of social action and the social network where the activity originated.",NA,NA,NA,NA,NA,NA,NA
"ga:socialActivities","METRIC","INTEGER","Social Activities","PUBLIC","Data Hub Activities","The total number of activities where a content URL was shared / mentioned on a social data hub partner network.",NA,NA,NA,NA,NA,NA,NA
"ga:hostname","DIMENSION","STRING","Page Tracking","PUBLIC","Hostname","The hostname from which the tracking request was made.",TRUE,NA,NA,NA,NA,NA,NA
"ga:pagePath","DIMENSION","STRING","Page Tracking","PUBLIC","Page","A page on your website specified by path and/or query parameters. Use in conjunction with hostname to get the full URL of the page.",TRUE,NA,NA,NA,NA,NA,NA
"ga:pagePathLevel1","DIMENSION","STRING","Page Tracking","PUBLIC","Page path level 1","This dimension rolls up all the page paths in the first hierarchical level in pagePath.",NA,NA,NA,NA,NA,NA,NA
"ga:pagePathLevel2","DIMENSION","STRING","Page Tracking","PUBLIC","Page path level 2","This dimension rolls up all the page paths in the second hierarchical level in pagePath.",NA,NA,NA,NA,NA,NA,NA
"ga:pagePathLevel3","DIMENSION","STRING","Page Tracking","PUBLIC","Page path level 3","This dimension rolls up all the page paths in the third hierarchical level in pagePath.",NA,NA,NA,NA,NA,NA,NA
"ga:pagePathLevel4","DIMENSION","STRING","Page Tracking","PUBLIC","Page path level 4","This dimension rolls up all the page paths into hierarchical levels. Up to 4 pagePath levels maybe specified. All additional levels in the pagePath hierarchy are also rolled up in this dimension.",NA,NA,NA,NA,NA,NA,NA
"ga:pageTitle","DIMENSION","STRING","Page Tracking","PUBLIC","Page Title","The title of a page. Keep in mind that multiple pages might have the same page title.",TRUE,NA,NA,NA,NA,NA,NA
"ga:landingPagePath","DIMENSION","STRING","Page Tracking","PUBLIC","Landing Page","The first page in a user's session, or landing page.",TRUE,NA,NA,NA,NA,NA,NA
"ga:secondPagePath","DIMENSION","STRING","Page Tracking","PUBLIC","Second Page","The second page in a user's session.",NA,NA,NA,NA,NA,NA,NA
"ga:exitPagePath","DIMENSION","STRING","Page Tracking","PUBLIC","Exit Page","The last page in a user's session, or exit page.",TRUE,NA,NA,NA,NA,NA,NA
"ga:previousPagePath","DIMENSION","STRING","Page Tracking","PUBLIC","Previous Page Path","A page that was visited before another page on the same property. Typically used with the pagePath dimension.",NA,NA,NA,NA,NA,NA,NA
"ga:nextPagePath","DIMENSION","STRING","Page Tracking","DEPRECATED","Next Page Path","This dimension is deprecated and will be removed soon. Please use ga:pagePath instead.",NA,NA,NA,NA,NA,NA,NA
"ga:pageDepth","DIMENSION","STRING","Page Tracking","PUBLIC","Page Depth","The number of pages visited by users during a session. The value is a histogram that counts pageviews across a range of possible values. In this calculation, all sessions will have at least one pageview, and some percentage of sessions will have more.",TRUE,NA,NA,NA,NA,NA,NA
"ga:pageValue","METRIC","CURRENCY","Page Tracking","PUBLIC","Page Value","The average value of this page or set of pages. Page Value is (ga:transactionRevenue + ga:goalValueAll) / ga:uniquePageviews (for the page or set of pages).",NA,NA,NA,NA,NA,NA,NA
"ga:entrances","METRIC","INTEGER","Page Tracking","PUBLIC","Entrances","The number of entrances to your property measured as the first pageview in a session. Typically used with landingPagePath",TRUE,NA,NA,NA,NA,NA,NA
"ga:entranceRate","METRIC","PERCENT","Page Tracking","PUBLIC","Entrances / Pageviews","The percentage of pageviews in which this page was the entrance.",NA,NA,"ga:entrances / ga:pageviews",NA,NA,NA,NA
"ga:pageviews","METRIC","INTEGER","Page Tracking","PUBLIC","Pageviews","The total number of pageviews for your property.",TRUE,NA,NA,NA,NA,NA,NA
"ga:pageviewsPerSession","METRIC","FLOAT","Page Tracking","PUBLIC","Pages / Session","The average number of pages viewed during a session, including repeated views of a single page.",NA,NA,"ga:pageviews / ga:sessions",NA,NA,NA,NA
"ga:pageviewsPerVisit","METRIC","FLOAT","Page Tracking","DEPRECATED","Pages / Session","The average number of pages viewed during a session, including repeated views of a single page.",NA,"ga:pageviewsPerSession","ga:pageviews / ga:sessions",NA,NA,NA,NA
"ga:contentGroupUniqueViewsXX","METRIC","INTEGER","Content Grouping","PUBLIC","Unique Views XX","The number of unique content group views. Content group views within different sessions count as separate unique content view. This takes into account both the pagePath and pageTitle to determine uniqueness.",NA,NA,NA,1,5,NA,NA
"ga:uniquePageviews","METRIC","INTEGER","Page Tracking","PUBLIC","Unique Pageviews","The number of unique page views. Page views within different sessions count as separate unique page views. This takes into account both the pagePath and pageTitle to determine uniqueness.",TRUE,NA,NA,NA,NA,NA,NA
"ga:timeOnPage","METRIC","TIME","Page Tracking","PUBLIC","Time on Page","How long a user spent on a particular page in seconds. Calculated by subtracting the initial view time for a particular page from the initial view time for a subsequent page. Thus, this metric does not apply to exit pages for your property.",TRUE,NA,NA,NA,NA,NA,NA
"ga:avgTimeOnPage","METRIC","TIME","Page Tracking","PUBLIC","Avg. Time on Page","The average amount of time users spent viewing this page or a set of pages.",NA,NA,"ga:timeOnPage / (ga:pageviews - ga:exits)",NA,NA,NA,NA
"ga:exits","METRIC","INTEGER","Page Tracking","PUBLIC","Exits","The number of exits from your property.",TRUE,NA,NA,NA,NA,NA,NA
"ga:exitRate","METRIC","PERCENT","Page Tracking","PUBLIC","% Exit","The percentage of exits from your property that occurred out of the total page views.",NA,NA,"ga:exits / (ga:pageviews + ga:screenviews)",NA,NA,NA,NA
"ga:searchUsed","DIMENSION","STRING","Internal Search","PUBLIC","Site Search Status","A boolean to distinguish whether internal search was used in a session. Values are Visits With Site Search and Visits Without Site Search.",TRUE,NA,NA,NA,NA,NA,NA
"ga:searchKeyword","DIMENSION","STRING","Internal Search","PUBLIC","Search Term","Search terms used by users within your property.",TRUE,NA,NA,NA,NA,NA,NA
"ga:searchKeywordRefinement","DIMENSION","STRING","Internal Search","PUBLIC","Refined Keyword","Subsequent keyword search terms or strings entered by users after a given initial string search.",TRUE,NA,NA,NA,NA,NA,NA
"ga:searchCategory","DIMENSION","STRING","Internal Search","PUBLIC","Site Search Category","The categories used for the internal search if you have this enabled for your profile. For example, you might have product categories such as electronics, furniture, or clothing.",TRUE,NA,NA,NA,NA,NA,NA
"ga:searchStartPage","DIMENSION","STRING","Internal Search","PUBLIC","Start Page","A page where the user initiated an internal search.",NA,NA,NA,NA,NA,NA,NA
"ga:searchDestinationPage","DIMENSION","STRING","Internal Search","PUBLIC","Destination Page","The page the user immediately visited after performing an internal search on your site. (Usually the search results page).",NA,NA,NA,NA,NA,NA,NA
"ga:searchAfterDestinationPage","DIMENSION","STRING","Internal Search","PUBLIC","Search Destination Page","A page that the user visited after performing an internal search on your site.",TRUE,NA,NA,NA,NA,NA,NA
"ga:searchResultViews","METRIC","INTEGER","Internal Search","PUBLIC","Results Pageviews","The number of times a search result page was viewed after performing a search.",NA,NA,NA,NA,NA,NA,NA
"ga:searchUniques","METRIC","INTEGER","Internal Search","PUBLIC","Total Unique Searches","The total number of unique keywords from internal searches within a session. For example if ""shoes"" was searched for 3 times in a session, it will be only counted once.",TRUE,NA,NA,NA,NA,NA,NA
"ga:avgSearchResultViews","METRIC","FLOAT","Internal Search","PUBLIC","Results Pageviews / Search","The average number of times people viewed a search results page after performing a search.",NA,NA,"ga:searchResultViews / ga:searchUniques",NA,NA,NA,NA
"ga:searchSessions","METRIC","INTEGER","Internal Search","PUBLIC","Sessions with Search","The total number of sessions that included an internal search",TRUE,NA,NA,NA,NA,NA,NA
"ga:searchVisits","METRIC","INTEGER","Internal Search","DEPRECATED","Sessions with Search","The total number of sessions that included an internal search",TRUE,"ga:searchSessions",NA,NA,NA,NA,NA
"ga:percentSessionsWithSearch","METRIC","PERCENT","Internal Search","PUBLIC","% Sessions with Search","The percentage of sessions with search.",NA,NA,"ga:searchSessions / ga:sessions",NA,NA,NA,NA
"ga:percentVisitsWithSearch","METRIC","PERCENT","Internal Search","DEPRECATED","% Sessions with Search","The percentage of sessions with search.",NA,"ga:percentSessionsWithSearch","ga:searchSessions / ga:sessions",NA,NA,NA,NA
"ga:searchDepth","METRIC","INTEGER","Internal Search","PUBLIC","Search Depth","The total number of subsequent page views made after a use of your internal search feature.",TRUE,NA,NA,NA,NA,NA,NA
"ga:avgSearchDepth","METRIC","FLOAT","Internal Search","PUBLIC","Average Search Depth","The average number of pages people viewed after performing a search.",NA,NA,"ga:searchDepth / ga:searchUniques",NA,NA,NA,NA
"ga:searchRefinements","METRIC","INTEGER","Internal Search","PUBLIC","Search Refinements","The total number of times a refinement (transition) occurs between internal search keywords within a session. For example if the sequence of keywords is: ""shoes"", ""shoes"", ""pants"", ""pants"", this metric will be one because the transition between ""shoes"" and ""pants"" is different.",TRUE,NA,NA,NA,NA,NA,NA
"ga:percentSearchRefinements","METRIC","PERCENT","Internal Search","PUBLIC","% Search Refinements","The percentage of number of times a refinement (i.e., transition) occurs between internal search keywords within a session.",NA,NA,"ga:searchRefinements / ga:searchResultViews",NA,NA,NA,NA
"ga:searchDuration","METRIC","TIME","Internal Search","PUBLIC","Time after Search","The session duration where a use of your internal search feature occurred.",TRUE,NA,NA,NA,NA,NA,NA
"ga:avgSearchDuration","METRIC","TIME","Internal Search","PUBLIC","Time after Search","The average time (in seconds) users spent on your property after searching.",NA,NA,"ga:searchDuration / ga:searchUniques",NA,NA,NA,NA
"ga:searchExits","METRIC","INTEGER","Internal Search","PUBLIC","Search Exits","The number of exits on your site that occurred following a search result from your internal search feature.",TRUE,NA,NA,NA,NA,NA,NA
"ga:searchExitRate","METRIC","PERCENT","Internal Search","PUBLIC","% Search Exits","The percentage of searches that resulted in an immediate exit from your property.",NA,NA,"ga:searchExits / ga:searchUniques",NA,NA,NA,NA
"ga:searchGoalXXConversionRate","METRIC","PERCENT","Internal Search","PUBLIC","Site Search Goal XX Conversion Rate","The percentage of search sessions (i.e., sessions that included at least one search) which resulted in a conversion to the requested goal number.",NA,NA,"ga:goalXXCompletions / ga:searchUniques",1,20,NA,NA
"ga:searchGoalConversionRateAll","METRIC","PERCENT","Internal Search","PUBLIC","Site Search Goal Conversion Rate","The percentage of search sessions (i.e., sessions that included at least one search) which resulted in a conversion to at least one of your goals.",NA,NA,"ga:goalCompletionsAll / ga:searchUniques",NA,NA,NA,NA
"ga:goalValueAllPerSearch","METRIC","CURRENCY","Internal Search","PUBLIC","Per Search Goal Value","The average goal value of a search.",NA,NA,"ga:goalValueAll / ga:searchUniques",NA,NA,NA,NA
"ga:pageLoadTime","METRIC","INTEGER","Site Speed","PUBLIC","Page Load Time (ms)","Total Page Load Time is the amount of time (in milliseconds) it takes for pages from the sample set to load, from initiation of the pageview (e.g. click on a page link) to load completion in the browser.",NA,NA,NA,NA,NA,NA,NA
"ga:pageLoadSample","METRIC","INTEGER","Site Speed","PUBLIC","Page Load Sample","The sample set (or count) of pageviews used to calculate the average page load time.",NA,NA,NA,NA,NA,NA,NA
"ga:avgPageLoadTime","METRIC","FLOAT","Site Speed","PUBLIC","Avg. Page Load Time (sec)","The average amount of time (in seconds) it takes for pages from the sample set to load, from initiation of the pageview (e.g. click on a page link) to load completion in the browser.",NA,NA,"(ga:pageLoadTime / ga:pageLoadSample / 1000)",NA,NA,NA,NA
"ga:domainLookupTime","METRIC","INTEGER","Site Speed","PUBLIC","Domain Lookup Time (ms)","The total amount of time (in milliseconds) spent in DNS lookup for this page among all samples.",NA,NA,NA,NA,NA,NA,NA
"ga:avgDomainLookupTime","METRIC","FLOAT","Site Speed","PUBLIC","Avg. Domain Lookup Time (sec)","The average amount of time (in seconds) spent in DNS lookup for this page.",NA,NA,"(ga:domainLookupTime / ga:speedMetricsSample / 1000)",NA,NA,NA,NA
"ga:pageDownloadTime","METRIC","INTEGER","Site Speed","PUBLIC","Page Download Time (ms)","The total amount of time (in milliseconds) to download this page among all samples.",NA,NA,NA,NA,NA,NA,NA
"ga:avgPageDownloadTime","METRIC","FLOAT","Site Speed","PUBLIC","Avg. Page Download Time (sec)","The average amount of time (in seconds) to download this page.",NA,NA,"(ga:pageDownloadTime / ga:speedMetricsSample / 1000)",NA,NA,NA,NA
"ga:redirectionTime","METRIC","INTEGER","Site Speed","PUBLIC","Redirection Time (ms)","The total amount of time (in milliseconds) spent in redirects before fetching this page among all samples. If there are no redirects, the value for this metric is expected to be 0.",NA,NA,NA,NA,NA,NA,NA
"ga:avgRedirectionTime","METRIC","FLOAT","Site Speed","PUBLIC","Avg. Redirection Time (sec)","The average amount of time (in seconds) spent in redirects before fetching this page. If there are no redirects, the value for this metric is expected to be 0.",NA,NA,"(ga:redirectionTime / ga:speedMetricsSample / 1000)",NA,NA,NA,NA
"ga:serverConnectionTime","METRIC","INTEGER","Site Speed","PUBLIC","Server Connection Time (ms)","The total amount of time (in milliseconds) spent in establishing TCP connection for this page among all samples.",NA,NA,NA,NA,NA,NA,NA
"ga:avgServerConnectionTime","METRIC","FLOAT","Site Speed","PUBLIC","Avg. Server Connection Time (sec)","The average amount of time (in seconds) spent in establishing TCP connection for this page.",NA,NA,"(ga:serverConnectionTime / ga:speedMetricsSample / 1000)",NA,NA,NA,NA
"ga:serverResponseTime","METRIC","INTEGER","Site Speed","PUBLIC","Server Response Time (ms)","The total amount of time (in milliseconds) your server takes to respond to a user request among all samples, including the network time from user's location to your server.",NA,NA,NA,NA,NA,NA,NA
"ga:avgServerResponseTime","METRIC","FLOAT","Site Speed","PUBLIC","Avg. Server Response Time (sec)","The average amount of time (in seconds) your server takes to respond to a user request, including the network time from user's location to your server.",NA,NA,"(ga:serverResponseTime / ga:speedMetricsSample / 1000)",NA,NA,NA,NA
"ga:speedMetricsSample","METRIC","INTEGER","Site Speed","PUBLIC","Speed Metrics Sample","The sample set (or count) of pageviews used to calculate the averages for site speed metrics. This metric is used in all site speed average calculations including avgDomainLookupTime, avgPageDownloadTime, avgRedirectionTime, avgServerConnectionTime, and avgServerResponseTime.",NA,NA,NA,NA,NA,NA,NA
"ga:domInteractiveTime","METRIC","INTEGER","Site Speed","PUBLIC","Document Interactive Time (ms)","The time the browser takes (in milliseconds) to parse the document (DOMInteractive), including the network time from the user's location to your server. At this time, the user can interact with the Document Object Model even though it is not fully loaded.",NA,NA,NA,NA,NA,NA,NA
"ga:avgDomInteractiveTime","METRIC","FLOAT","Site Speed","PUBLIC","Avg. Document Interactive Time (sec)","The average time (in seconds) it takes the browser to parse the document and execute deferred and parser-inserted scripts including the network time from the user's location to your server.",NA,NA,"(ga:domInteractiveTime / ga:domLatencyMetricsSample / 1000)",NA,NA,NA,NA
"ga:domContentLoadedTime","METRIC","INTEGER","Site Speed","PUBLIC","Document Content Loaded Time (ms)","The time the browser takes (in milliseconds) to parse the document and execute deferred and parser-inserted scripts (DOMContentLoaded), including the network time from the user's location to your server. Parsing of the document is finished, the Document Object Model is ready, but referenced style sheets, images, and subframes may not be finished loading. This event is often the starting point for javascript framework execution, e.g., JQuery's onready() callback, etc.",NA,NA,NA,NA,NA,NA,NA
"ga:avgDomContentLoadedTime","METRIC","FLOAT","Site Speed","PUBLIC","Avg. Document Content Loaded Time (sec)","The average time (in seconds) it takes the browser to parse the document.",NA,NA,"(ga:domContentLoadedTime / ga:domLatencyMetricsSample / 1000)",NA,NA,NA,NA
"ga:domLatencyMetricsSample","METRIC","INTEGER","Site Speed","PUBLIC","DOM Latency Metrics Sample","The sample set (or count) of pageviews used to calculate the averages for site speed DOM metrics. This metric is used in the avgDomContentLoadedTime and avgDomInteractiveTime calculations.",NA,NA,NA,NA,NA,NA,NA
"ga:appInstallerId","DIMENSION","STRING","App Tracking","PUBLIC","App Installer ID","ID of the installer (e.g., Google Play Store) from which the app was downloaded. By default, the app installer id is set based on the PackageManager#getInstallerPackageName method.",TRUE,NA,NA,NA,NA,NA,NA
"ga:appVersion","DIMENSION","STRING","App Tracking","PUBLIC","App Version","The version of the application.",TRUE,NA,NA,NA,NA,NA,NA
"ga:appName","DIMENSION","STRING","App Tracking","PUBLIC","App Name","The name of the application.",TRUE,NA,NA,NA,NA,NA,NA
"ga:appId","DIMENSION","STRING","App Tracking","PUBLIC","App ID","The ID of the application.",TRUE,NA,NA,NA,NA,NA,NA
"ga:screenName","DIMENSION","STRING","App Tracking","PUBLIC","Screen Name","The name of the screen.",TRUE,NA,NA,NA,NA,NA,NA
"ga:screenDepth","DIMENSION","STRING","App Tracking","PUBLIC","Screen Depth","The number of screenviews per session reported as a string. Can be useful for historgrams.",TRUE,NA,NA,NA,NA,NA,NA
"ga:landingScreenName","DIMENSION","STRING","App Tracking","PUBLIC","Landing Screen","The name of the first screen viewed.",TRUE,NA,NA,NA,NA,NA,NA
"ga:exitScreenName","DIMENSION","STRING","App Tracking","PUBLIC","Exit Screen","The name of the screen when the user exited the application.",TRUE,NA,NA,NA,NA,NA,NA
"ga:screenviews","METRIC","INTEGER","App Tracking","PUBLIC","Screen Views","The total number of screenviews.",TRUE,NA,NA,NA,NA,NA,NA
"ga:appviews","METRIC","INTEGER","App Tracking","DEPRECATED","Screen Views","The total number of screenviews.",TRUE,"ga:screenviews",NA,NA,NA,NA,NA
"ga:uniqueScreenviews","METRIC","INTEGER","App Tracking","PUBLIC","Unique Screen Views","The number of unique screen views. Screen views in different sessions count a separate screen views.",TRUE,NA,NA,NA,NA,NA,NA
"ga:uniqueAppviews","METRIC","INTEGER","App Tracking","DEPRECATED","Unique Screen Views","The number of unique screen views. Screen views in different sessions count a separate screen views.",TRUE,"ga:uniqueScreenviews",NA,NA,NA,NA,NA
"ga:screenviewsPerSession","METRIC","FLOAT","App Tracking","PUBLIC","Screens / Session","The average number of screenviews per session.",NA,NA,"ga:screenviews / ga:sessions",NA,NA,NA,NA
"ga:appviewsPerVisit","METRIC","FLOAT","App Tracking","DEPRECATED","Screens / Session","The average number of screenviews per session.",NA,"ga:screenviewsPerSession","ga:screenviews / ga:sessions",NA,NA,NA,NA
"ga:timeOnScreen","METRIC","TIME","App Tracking","PUBLIC","Time on Screen","The time spent viewing the current screen.",TRUE,NA,NA,NA,NA,NA,NA
"ga:avgScreenviewDuration","METRIC","TIME","App Tracking","PUBLIC","Avg. Time on Screen","The average amount of time users spent on a screen in seconds.",NA,NA,NA,NA,NA,NA,NA
"ga:eventCategory","DIMENSION","STRING","Event Tracking","PUBLIC","Event Category","The category of the event.",TRUE,NA,NA,NA,NA,NA,NA
"ga:eventAction","DIMENSION","STRING","Event Tracking","PUBLIC","Event Action","The action of the event.",TRUE,NA,NA,NA,NA,NA,NA
"ga:eventLabel","DIMENSION","STRING","Event Tracking","PUBLIC","Event Label","The label of the event.",TRUE,NA,NA,NA,NA,NA,NA
"ga:totalEvents","METRIC","INTEGER","Event Tracking","PUBLIC","Total Events","The total number of events for the profile, across all categories.",TRUE,NA,NA,NA,NA,NA,NA
"ga:uniqueEvents","METRIC","INTEGER","Event Tracking","PUBLIC","Unique Events","The number of unique events. Events in different sessions count as separate events.",NA,NA,NA,NA,NA,NA,NA
"ga:eventValue","METRIC","INTEGER","Event Tracking","PUBLIC","Event Value","The total value of events for the profile.",TRUE,NA,NA,NA,NA,NA,NA
"ga:avgEventValue","METRIC","FLOAT","Event Tracking","PUBLIC","Avg. Value","The average value of an event.",NA,NA,"ga:eventValue / ga:totalEvents",NA,NA,NA,NA
"ga:sessionsWithEvent","METRIC","INTEGER","Event Tracking","PUBLIC","Sessions with Event","The total number of sessions with events.",TRUE,NA,NA,NA,NA,NA,NA
"ga:visitsWithEvent","METRIC","INTEGER","Event Tracking","DEPRECATED","Sessions with Event","The total number of sessions with events.",TRUE,"ga:sessionsWithEvent",NA,NA,NA,NA,NA
"ga:eventsPerSessionWithEvent","METRIC","FLOAT","Event Tracking","PUBLIC","Events / Session with Event","The average number of events per session with event.",NA,NA,"ga:totalEvents / ga:sessionsWithEvent",NA,NA,NA,NA
"ga:eventsPerVisitWithEvent","METRIC","FLOAT","Event Tracking","DEPRECATED","Events / Session with Event","The average number of events per session with event.",NA,"ga:eventsPerSessionWithEvent","ga:totalEvents / ga:sessionsWithEvent",NA,NA,NA,NA
"ga:transactionId","DIMENSION","STRING","Ecommerce","PUBLIC","Transaction ID","The transaction ID for the shopping cart purchase as supplied by your ecommerce tracking method.",TRUE,NA,NA,NA,NA,NA,NA
"ga:affiliation","DIMENSION","STRING","Ecommerce","PUBLIC","Affiliation","Typically used to designate a supplying company or brick and mortar location; product affiliation.",TRUE,NA,NA,NA,NA,NA,NA
"ga:sessionsToTransaction","DIMENSION","STRING","Ecommerce","PUBLIC","Sessions to Transaction","The number of sessions between users' purchases and the related campaigns that lead to the purchases.",TRUE,NA,NA,NA,NA,NA,NA
"ga:visitsToTransaction","DIMENSION","STRING","Ecommerce","DEPRECATED","Sessions to Transaction","The number of sessions between users' purchases and the related campaigns that lead to the purchases.",TRUE,"ga:sessionsToTransaction",NA,NA,NA,NA,NA
"ga:daysToTransaction","DIMENSION","STRING","Ecommerce","PUBLIC","Days to Transaction","The number of days between users' purchases and the related campaigns that lead to the purchases.",TRUE,NA,NA,NA,NA,NA,NA
"ga:productSku","DIMENSION","STRING","Ecommerce","PUBLIC","Product SKU","The product sku for purchased items as you have defined them in your ecommerce tracking application.",TRUE,NA,NA,NA,NA,NA,NA
"ga:productName","DIMENSION","STRING","Ecommerce","PUBLIC","Product","The product name for purchased items as supplied by your ecommerce tracking application.",TRUE,NA,NA,NA,NA,NA,NA
"ga:productCategory","DIMENSION","STRING","Ecommerce","PUBLIC","Product Category","Any product variations (size, color) for purchased items as supplied by your ecommerce application. Not compatible with Enhanced Ecommerce.",TRUE,NA,NA,NA,NA,NA,NA
"ga:currencyCode","DIMENSION","STRING","Ecommerce","PUBLIC","Currency Code","The local currency code of the transaction based on ISO 4217 standard.",NA,NA,NA,NA,NA,NA,NA
"ga:transactions","METRIC","INTEGER","Ecommerce","PUBLIC","Transactions","The total number of transactions.",TRUE,NA,NA,NA,NA,NA,NA
"ga:transactionsPerSession","METRIC","PERCENT","Ecommerce","PUBLIC","Ecommerce Conversion Rate","The average number of transactions for a session.",NA,NA,"ga:transactions / ga:sessions",NA,NA,NA,NA
"ga:transactionsPerVisit","METRIC","PERCENT","Ecommerce","DEPRECATED","Ecommerce Conversion Rate","The average number of transactions for a session.",NA,"ga:transactionsPerSession","ga:transactions / ga:sessions",NA,NA,NA,NA
"ga:transactionRevenue","METRIC","CURRENCY","Ecommerce","PUBLIC","Revenue","The total sale revenue provided in the transaction excluding shipping and tax.",TRUE,NA,NA,NA,NA,NA,NA
"ga:revenuePerTransaction","METRIC","CURRENCY","Ecommerce","PUBLIC","Average Order Value","The average revenue for an e-commerce transaction.",NA,NA,"ga:transactionRevenue / ga:transactions",NA,NA,NA,NA
"ga:transactionRevenuePerSession","METRIC","CURRENCY","Ecommerce","PUBLIC","Per Session Value","Average transaction revenue for a session.",NA,NA,"ga:transactionRevenue / ga:sessions",NA,NA,NA,NA
"ga:transactionRevenuePerVisit","METRIC","CURRENCY","Ecommerce","DEPRECATED","Per Session Value","Average transaction revenue for a session.",NA,"ga:transactionRevenuePerSession","ga:transactionRevenue / ga:sessions",NA,NA,NA,NA
"ga:transactionShipping","METRIC","CURRENCY","Ecommerce","PUBLIC","Shipping","The total cost of shipping.",TRUE,NA,NA,NA,NA,NA,NA
"ga:transactionTax","METRIC","CURRENCY","Ecommerce","PUBLIC","Tax","The total amount of tax.",TRUE,NA,NA,NA,NA,NA,NA
"ga:totalValue","METRIC","CURRENCY","Ecommerce","PUBLIC","Total Value","Total value for your property (including total revenue and total goal value).",NA,NA,"(ga:transactionRevenue + ga:goalValueAll)",NA,NA,NA,NA
"ga:itemQuantity","METRIC","INTEGER","Ecommerce","PUBLIC","Quantity","The total number of items purchased. For example, if users purchase 2 frisbees and 5 tennis balls, 7 items have been purchased.",TRUE,NA,NA,NA,NA,NA,NA
"ga:uniquePurchases","METRIC","INTEGER","Ecommerce","PUBLIC","Unique Purchases","The number of product sets purchased. For example, if users purchase 2 frisbees and 5 tennis balls from your site, 2 unique products have been purchased.",TRUE,NA,NA,NA,NA,NA,NA
"ga:revenuePerItem","METRIC","CURRENCY","Ecommerce","PUBLIC","Average Price","The average revenue per item.",NA,NA,"ga:itemRevenue / ga:itemQuantity",NA,NA,NA,NA
"ga:itemRevenue","METRIC","CURRENCY","Ecommerce","PUBLIC","Product Revenue","The total revenue from purchased product items.",TRUE,NA,NA,NA,NA,NA,NA
"ga:itemsPerPurchase","METRIC","FLOAT","Ecommerce","PUBLIC","Average QTY","The average quantity of this item (or group of items) sold per purchase.",NA,NA,"ga:itemQuantity / ga:uniquePurchases",NA,NA,NA,NA
"ga:localTransactionRevenue","METRIC","CURRENCY","Ecommerce","PUBLIC","Local Revenue","Transaction revenue in local currency.",NA,NA,NA,NA,NA,NA,NA
"ga:localTransactionShipping","METRIC","CURRENCY","Ecommerce","PUBLIC","Local Shipping","Transaction shipping cost in local currency.",NA,NA,NA,NA,NA,NA,NA
"ga:localTransactionTax","METRIC","CURRENCY","Ecommerce","PUBLIC","Local Tax","Transaction tax in local currency.",NA,NA,NA,NA,NA,NA,NA
"ga:localItemRevenue","METRIC","CURRENCY","Ecommerce","PUBLIC","Local Product Revenue","Product revenue in local currency.",TRUE,NA,NA,NA,NA,NA,NA
"ga:socialInteractionNetwork","DIMENSION","STRING","Social Interactions","PUBLIC","Social Network","For social interactions, a value representing the social network being tracked.",NA,NA,NA,NA,NA,NA,NA
"ga:socialInteractionAction","DIMENSION","STRING","Social Interactions","PUBLIC","Social Action","For social interactions, a value representing the social action being tracked (e.g. +1, bookmark)",NA,NA,NA,NA,NA,NA,NA
"ga:socialInteractionNetworkAction","DIMENSION","STRING","Social Interactions","PUBLIC","Social Network and Action","For social interactions, a value representing the concatenation of the socialInteractionNetwork and socialInteractionAction action being tracked at this hit level (e.g. Google: +1)",NA,NA,NA,NA,NA,NA,NA
"ga:socialInteractionTarget","DIMENSION","STRING","Social Interactions","PUBLIC","Social Entity","For social interactions, a value representing the URL (or resource) which receives the social network action.",NA,NA,NA,NA,NA,NA,NA
"ga:socialEngagementType","DIMENSION","STRING","Social Interactions","PUBLIC","Social Type","Engagement type. Possible values are ""Socially Engaged"" or ""Not Socially Engaged"".",NA,NA,NA,NA,NA,NA,NA
"ga:socialInteractions","METRIC","INTEGER","Social Interactions","PUBLIC","Social Actions","The total number of social interactions.",NA,NA,NA,NA,NA,NA,NA
"ga:uniqueSocialInteractions","METRIC","INTEGER","Social Interactions","PUBLIC","Unique Social Actions","The number of sessions during which the specified social action(s) occurred at least once. This is based on the the unique combination of socialInteractionNetwork, socialInteractionAction, and socialInteractionTarget.",NA,NA,NA,NA,NA,NA,NA
"ga:socialInteractionsPerSession","METRIC","FLOAT","Social Interactions","PUBLIC","Actions Per Social Session","The number of social interactions per session.",NA,NA,"ga:socialInteractions / ga:uniqueSocialInteractions",NA,NA,NA,NA
"ga:socialInteractionsPerVisit","METRIC","FLOAT","Social Interactions","DEPRECATED","Actions Per Social Session","The number of social interactions per session.",NA,"ga:socialInteractionsPerSession","ga:socialInteractions / ga:uniqueSocialInteractions",NA,NA,NA,NA
"ga:userTimingCategory","DIMENSION","STRING","User Timings","PUBLIC","Timing Category","A string for categorizing all user timing variables into logical groups for easier reporting purposes.",TRUE,NA,NA,NA,NA,NA,NA
"ga:userTimingLabel","DIMENSION","STRING","User Timings","PUBLIC","Timing Label","The name of the resource's action being tracked.",TRUE,NA,NA,NA,NA,NA,NA
"ga:userTimingVariable","DIMENSION","STRING","User Timings","PUBLIC","Timing Variable","A value that can be used to add flexibility in visualizing user timings in the reports.",TRUE,NA,NA,NA,NA,NA,NA
"ga:userTimingValue","METRIC","INTEGER","User Timings","PUBLIC","User Timing (ms)","The total number of milliseconds for a user timing.",NA,NA,NA,NA,NA,NA,NA
"ga:userTimingSample","METRIC","INTEGER","User Timings","PUBLIC","User Timing Sample","The number of hits that were sent for a particular userTimingCategory, userTimingLabel, and userTimingVariable.",NA,NA,NA,NA,NA,NA,NA
"ga:avgUserTimingValue","METRIC","FLOAT","User Timings","PUBLIC","Avg. User Timing (sec)","The average amount of elapsed time.",NA,NA,"(ga:userTimingValue / ga:userTimingSample / 1000)",NA,NA,NA,NA
"ga:exceptionDescription","DIMENSION","STRING","Exceptions","PUBLIC","Exception Description","The description for the exception.",TRUE,NA,NA,NA,NA,NA,NA
"ga:exceptions","METRIC","INTEGER","Exceptions","PUBLIC","Exceptions","The number of exceptions that were sent to Google Analytics.",TRUE,NA,NA,NA,NA,NA,NA
"ga:exceptionsPerScreenview","METRIC","PERCENT","Exceptions","PUBLIC","Exceptions / Screen","The number of exceptions thrown divided by the number of screenviews.",NA,NA,"ga:exceptions / ga:screenviews",NA,NA,NA,NA
"ga:fatalExceptions","METRIC","INTEGER","Exceptions","PUBLIC","Crashes","The number of exceptions where isFatal is set to true.",TRUE,NA,NA,NA,NA,NA,NA
"ga:fatalExceptionsPerScreenview","METRIC","PERCENT","Exceptions","PUBLIC","Crashes / Screen","The number of fatal exceptions thrown divided by the number of screenviews.",NA,NA,"ga:fatalExceptions / ga:screenviews",NA,NA,NA,NA
"ga:experimentId","DIMENSION","STRING","Content Experiments","PUBLIC","Experiment ID","The user-scoped id of the content experiment that the user was exposed to when the metrics were reported.",TRUE,NA,NA,NA,NA,NA,NA
"ga:experimentVariant","DIMENSION","STRING","Content Experiments","PUBLIC","Variation","The user-scoped id of the particular variation that the user was exposed to during a content experiment.",TRUE,NA,NA,NA,NA,NA,NA
"ga:dimensionXX","DIMENSION","STRING","Custom Variables or Columns","PUBLIC","Custom Dimension XX","The name of the requested custom dimension, where XX refers the number/index of the custom dimension.",TRUE,NA,NA,1,20,1,200
"ga:customVarNameXX","DIMENSION","STRING","Custom Variables or Columns","PUBLIC","Custom Variable (Key XX)","The name for the requested custom variable.",TRUE,NA,NA,1,5,1,50
"ga:metricXX","METRIC","INTEGER","Custom Variables or Columns","PUBLIC","Custom Metric XX Value","The name of the requested custom metric, where XX refers the number/index of the custom metric. Note that the data type of ga:metricXX can be INTEGER, CURRENCY or TIME.",TRUE,NA,NA,1,20,1,200
"ga:customVarValueXX","DIMENSION","STRING","Custom Variables or Columns","PUBLIC","Custom Variable (Value XX)","The value for the requested custom variable.",TRUE,NA,NA,1,5,1,50
"ga:date","DIMENSION","STRING","Time","PUBLIC","Date","The date of the session formatted as YYYYMMDD.",NA,NA,NA,NA,NA,NA,NA
"ga:year","DIMENSION","STRING","Time","PUBLIC","Year","The year of the session. A four-digit year from 2005 to the current year.",NA,NA,NA,NA,NA,NA,NA
"ga:month","DIMENSION","STRING","Time","PUBLIC","Month of the year","The month of the session. A two digit integer from 01 to 12.",NA,NA,NA,NA,NA,NA,NA
"ga:week","DIMENSION","STRING","Time","PUBLIC","Week of the Year","The week of the session. A two-digit number from 01 to 53. Each week starts on Sunday.",NA,NA,NA,NA,NA,NA,NA
"ga:day","DIMENSION","STRING","Time","PUBLIC","Day of the month","The day of the month. A two-digit number from 01 to 31.",NA,NA,NA,NA,NA,NA,NA
"ga:hour","DIMENSION","STRING","Time","PUBLIC","Hour","A two-digit hour of the day ranging from 00-23 in the timezone configured for the account. This value is also corrected for daylight savings time, adhering to all local rules for daylight savings time. If your timezone follows daylight savings time, there will be an apparent bump in the number of sessions during the change-over hour (e.g. between 1:00 and 2:00) for the day per year when that hour repeats. A corresponding hour with zero sessions will occur at the opposite changeover. (Google Analytics does not track user time more precisely than hours.)",TRUE,NA,NA,NA,NA,NA,NA
"ga:minute","DIMENSION","STRING","Time","PUBLIC","Minute","Returns the minute in the hour. The possible values are between 00 and 59.",TRUE,NA,NA,NA,NA,NA,NA
"ga:nthMonth","DIMENSION","STRING","Time","PUBLIC","Month Index","Index for each month in the specified date range. Index for the first month in the date range is 0, 1 for the second month, and so on. The index corresponds to month entries.",NA,NA,NA,NA,NA,NA,NA
"ga:nthWeek","DIMENSION","STRING","Time","PUBLIC","Week Index","Index for each week in the specified date range. Index for the first week in the date range is 0, 1 for the second week, and so on. The index corresponds to week entries.",NA,NA,NA,NA,NA,NA,NA
"ga:nthDay","DIMENSION","STRING","Time","PUBLIC","Day Index","Index for each day in the specified date range. Index for the first day (i.e., start-date) in the date range is 0, 1 for the second day, and so on.",NA,NA,NA,NA,NA,NA,NA
"ga:nthMinute","DIMENSION","STRING","Time","PUBLIC","Minute Index","Index for each minute in the specified date range. Index for the first minute of first day (i.e., start-date) in the date range is 0, 1 for the next minute, and so on.",NA,NA,NA,NA,NA,NA,NA
"ga:dayOfWeek","DIMENSION","STRING","Time","PUBLIC","Day of Week","The day of the week. A one-digit number from 0 (Sunday) to 6 (Saturday).",NA,NA,NA,NA,NA,NA,NA
"ga:dayOfWeekName","DIMENSION","STRING","Time","PUBLIC","Day of Week Name","The name of the day of the week (in English).",NA,NA,NA,NA,NA,NA,NA
"ga:dateHour","DIMENSION","STRING","Time","PUBLIC","Hour of Day","Combined values of ga:date and ga:hour.",NA,NA,NA,NA,NA,NA,NA
"ga:yearMonth","DIMENSION","STRING","Time","PUBLIC","Month of Year","Combined values of ga:year and ga:month.",NA,NA,NA,NA,NA,NA,NA
"ga:yearWeek","DIMENSION","STRING","Time","PUBLIC","Week of Year","Combined values of ga:year and ga:week.",NA,NA,NA,NA,NA,NA,NA
"ga:isoWeek","DIMENSION","STRING","Time","PUBLIC","ISO Week of the Year","The ISO week number, where each week starts with a Monday. Details: http://en.wikipedia.org/wiki/ISO_week_date. ga:isoWeek should only be used with ga:isoYear since ga:year represents gregorian calendar.",NA,NA,NA,NA,NA,NA,NA
"ga:isoYear","DIMENSION","STRING","Time","PUBLIC","ISO Year","The ISO year of the session. Details: http://en.wikipedia.org/wiki/ISO_week_date. ga:isoYear should only be used with ga:isoWeek since ga:week represents gregorian calendar.",NA,NA,NA,NA,NA,NA,NA
"ga:isoYearIsoWeek","DIMENSION","STRING","Time","PUBLIC","ISO Week of ISO Year","Combined values of ga:isoYear and ga:isoWeek.",NA,NA,NA,NA,NA,NA,NA
"ga:dcmClickAd","DIMENSION","STRING","DoubleClick Campaign Manager","PUBLIC","DFA Ad (GA Model)","DCM ad name of the DCM click matching the Google Analytics session (premium only).",NA,NA,NA,NA,NA,NA,NA
"ga:dcmClickAdId","DIMENSION","STRING","DoubleClick Campaign Manager","PUBLIC","DFA Ad ID (GA Model)","DCM ad ID of the DCM click matching the Google Analytics session (premium only).",NA,NA,NA,NA,NA,NA,NA
"ga:dcmClickAdType","DIMENSION","STRING","DoubleClick Campaign Manager","PUBLIC","DFA Ad Type (GA Model)","DCM ad type name of the DCM click matching the Google Analytics session (premium only).",NA,NA,NA,NA,NA,NA,NA
"ga:dcmClickAdTypeId","DIMENSION","STRING","DoubleClick Campaign Manager","PUBLIC","DFA Ad Type ID","DCM ad type ID of the DCM click matching the Google Analytics session (premium only).",NA,NA,NA,NA,NA,NA,NA
"ga:dcmClickAdvertiser","DIMENSION","STRING","DoubleClick Campaign Manager","PUBLIC","DFA Advertiser (GA Model)","DCM advertiser name of the DCM click matching the Google Analytics session (premium only).",NA,NA,NA,NA,NA,NA,NA
"ga:dcmClickAdvertiserId","DIMENSION","STRING","DoubleClick Campaign Manager","PUBLIC","DFA Advertiser ID (GA Model)","DCM advertiser ID of the DCM click matching the Google Analytics session (premium only).",NA,NA,NA,NA,NA,NA,NA
"ga:dcmClickCampaign","DIMENSION","STRING","DoubleClick Campaign Manager","PUBLIC","DFA Campaign (GA Model)","DCM campaign name of the DCM click matching the Google Analytics session (premium only).",NA,NA,NA,NA,NA,NA,NA
"ga:dcmClickCampaignId","DIMENSION","STRING","DoubleClick Campaign Manager","PUBLIC","DFA Campaign ID (GA Model)","DCM campaign ID of the DCM click matching the Google Analytics session (premium only).",NA,NA,NA,NA,NA,NA,NA
"ga:dcmClickCreativeId","DIMENSION","STRING","DoubleClick Campaign Manager","PUBLIC","DFA Creative ID (GA Model)","DCM creative ID of the DCM click matching the Google Analytics session (premium only).",NA,NA,NA,NA,NA,NA,NA
"ga:dcmClickCreative","DIMENSION","STRING","DoubleClick Campaign Manager","PUBLIC","DFA Creative (GA Model)","DCM creative name of the DCM click matching the Google Analytics session (premium only).",NA,NA,NA,NA,NA,NA,NA
"ga:dcmClickRenderingId","DIMENSION","STRING","DoubleClick Campaign Manager","PUBLIC","DFA Rendering ID (GA Model)","DCM rendering ID of the DCM click matching the Google Analytics session (premium only).",NA,NA,NA,NA,NA,NA,NA
"ga:dcmClickCreativeType","DIMENSION","STRING","DoubleClick Campaign Manager","PUBLIC","DFA Creative Type (GA Model)","DCM creative type name of the DCM click matching the Google Analytics session (premium only).",NA,NA,NA,NA,NA,NA,NA
"ga:dcmClickCreativeTypeId","DIMENSION","STRING","DoubleClick Campaign Manager","PUBLIC","DFA Creative Type ID (GA Model)","DCM creative type ID of the DCM click matching the Google Analytics session (premium only).",NA,NA,NA,NA,NA,NA,NA
"ga:dcmClickCreativeVersion","DIMENSION","STRING","DoubleClick Campaign Manager","PUBLIC","DFA Creative Version (GA Model)","DCM creative version of the DCM click matching the Google Analytics session (premium only).",NA,NA,NA,NA,NA,NA,NA
"ga:dcmClickSite","DIMENSION","STRING","DoubleClick Campaign Manager","PUBLIC","DFA Site (GA Model)","Site name where the DCM creative was shown and clicked on for the DCM click matching the Google Analytics session (premium only).",NA,NA,NA,NA,NA,NA,NA
"ga:dcmClickSiteId","DIMENSION","STRING","DoubleClick Campaign Manager","PUBLIC","DFA Site ID (GA Model)","DCM site ID where the DCM creative was shown and clicked on for the DCM click matching the Google Analytics session (premium only).",NA,NA,NA,NA,NA,NA,NA
"ga:dcmClickSitePlacement","DIMENSION","STRING","DoubleClick Campaign Manager","PUBLIC","DFA Placement (GA Model)","DCM site placement name of the DCM click matching the Google Analytics session (premium only).",NA,NA,NA,NA,NA,NA,NA
"ga:dcmClickSitePlacementId","DIMENSION","STRING","DoubleClick Campaign Manager","PUBLIC","DFA Placement ID (GA Model)","DCM site placement ID of the DCM click matching the Google Analytics session (premium only).",NA,NA,NA,NA,NA,NA,NA
"ga:dcmClickSpotId","DIMENSION","STRING","DoubleClick Campaign Manager","PUBLIC","DFA Floodlight Configuration ID (GA Model)","DCM Floodlight configuration ID of the DCM click matching the Google Analytics session (premium only).",NA,NA,NA,NA,NA,NA,NA
"ga:dcmFloodlightActivity","DIMENSION","STRING","DoubleClick Campaign Manager","PUBLIC","DFA Activity","DCM Floodlight activity name associated with the floodlight conversion (premium only).",NA,NA,NA,NA,NA,NA,NA
"ga:dcmFloodlightActivityAndGroup","DIMENSION","STRING","DoubleClick Campaign Manager","PUBLIC","DFA Activity and Group","DCM Floodlight activity name and group name associated with the floodlight conversion (premium only).",NA,NA,NA,NA,NA,NA,NA
"ga:dcmFloodlightActivityGroup","DIMENSION","STRING","DoubleClick Campaign Manager","PUBLIC","DFA Activity Group","DCM Floodlight activity group name associated with the floodlight conversion (premium only).",NA,NA,NA,NA,NA,NA,NA
"ga:dcmFloodlightActivityGroupId","DIMENSION","STRING","DoubleClick Campaign Manager","PUBLIC","DFA Activity Group ID","DCM Floodlight activity group ID associated with the floodlight conversion (premium only).",NA,NA,NA,NA,NA,NA,NA
"ga:dcmFloodlightActivityId","DIMENSION","STRING","DoubleClick Campaign Manager","PUBLIC","DFA Activity ID","DCM Floodlight activity ID associated with the floodlight conversion (premium only).",NA,NA,NA,NA,NA,NA,NA
"ga:dcmFloodlightAdvertiserId","DIMENSION","STRING","DoubleClick Campaign Manager","PUBLIC","DFA Advertiser ID","DCM Floodlight advertiser ID associated with the floodlight conversion (premium only).",NA,NA,NA,NA,NA,NA,NA
"ga:dcmFloodlightSpotId","DIMENSION","STRING","DoubleClick Campaign Manager","PUBLIC","DFA Floodlight Configuration ID","DCM Floodlight configuration ID associated with the floodlight conversion (premium only).",NA,NA,NA,NA,NA,NA,NA
"ga:dcmLastEventAd","DIMENSION","STRING","DoubleClick Campaign Manager","PUBLIC","DFA Ad","DCM ad name of the last DCM event (impression or click within the DCM lookback window) associated with the Google Analytics session (premium only).",NA,NA,NA,NA,NA,NA,NA
"ga:dcmLastEventAdId","DIMENSION","STRING","DoubleClick Campaign Manager","PUBLIC","DFA Ad ID (DFA Model)","DCM ad ID of the last DCM event (impression or click within the DCM lookback window) associated with the Google Analytics session (premium only).",NA,NA,NA,NA,NA,NA,NA
"ga:dcmLastEventAdType","DIMENSION","STRING","DoubleClick Campaign Manager","PUBLIC","DFA Ad Type (DFA Model)","DCM ad type name of the last DCM event (impression or click within the DCM lookback window) associated with the Google Analytics session (premium only).",NA,NA,NA,NA,NA,NA,NA
"ga:dcmLastEventAdTypeId","DIMENSION","STRING","DoubleClick Campaign Manager","PUBLIC","DFA Ad Type ID (DFA Model)","DCM ad type ID of the last DCM event (impression or click within the DCM lookback window) associated with the Google Analytics session (premium only).",NA,NA,NA,NA,NA,NA,NA
"ga:dcmLastEventAdvertiser","DIMENSION","STRING","DoubleClick Campaign Manager","PUBLIC","DFA Advertiser (DFA Model)","DCM advertiser name of the last DCM event (impression or click within the DCM lookback window) associated with the Google Analytics session (premium only).",NA,NA,NA,NA,NA,NA,NA
"ga:dcmLastEventAdvertiserId","DIMENSION","STRING","DoubleClick Campaign Manager","PUBLIC","DFA Advertiser ID (DFA Model)","DCM advertiser ID of the last DCM event (impression or click within the DCM lookback window) associated with the Google Analytics session (premium only).",NA,NA,NA,NA,NA,NA,NA
"ga:dcmLastEventAttributionType","DIMENSION","STRING","DoubleClick Campaign Manager","PUBLIC","DFA Attribution Type (DFA Model)","There are two possible values: ClickThrough and ViewThrough. If the last DCM event associated with the Google Analytics session was a click, then the value will be ClickThrough. If the last DCM event associated with the Google Analytics session was an ad impression, then the value will be ViewThrough (premium only).",NA,NA,NA,NA,NA,NA,NA
"ga:dcmLastEventCampaign","DIMENSION","STRING","DoubleClick Campaign Manager","PUBLIC","DFA Campaign (DFA Model)","DCM campaign name of the last DCM event (impression or click within the DCM lookback window) associated with the Google Analytics session (premium only).",NA,NA,NA,NA,NA,NA,NA
"ga:dcmLastEventCampaignId","DIMENSION","STRING","DoubleClick Campaign Manager","PUBLIC","DFA Campaign ID (DFA Model)","DCM campaign ID of the last DCM event (impression or click within the DCM lookback window) associated with the Google Analytics session (premium only).",NA,NA,NA,NA,NA,NA,NA
"ga:dcmLastEventCreativeId","DIMENSION","STRING","DoubleClick Campaign Manager","PUBLIC","DFA Creative ID (DFA Model)","DCM creative ID of the last DCM event (impression or click within the DCM lookback window) associated with the Google Analytics session (premium only).",NA,NA,NA,NA,NA,NA,NA
"ga:dcmLastEventCreative","DIMENSION","STRING","DoubleClick Campaign Manager","PUBLIC","DFA Creative (DFA Model)","DCM creative name of the last DCM event (impression or click within the DCM lookback window) associated with the Google Analytics session (premium only).",NA,NA,NA,NA,NA,NA,NA
"ga:dcmLastEventRenderingId","DIMENSION","STRING","DoubleClick Campaign Manager","PUBLIC","DFA Rendering ID (DFA Model)","DCM rendering ID of the last DCM event (impression or click within the DCM lookback window) associated with the Google Analytics session (premium only).",NA,NA,NA,NA,NA,NA,NA
"ga:dcmLastEventCreativeType","DIMENSION","STRING","DoubleClick Campaign Manager","PUBLIC","DFA Creative Type (DFA Model)","DCM creative type name of the last DCM event (impression or click within the DCM lookback window) associated with the Google Analytics session (premium only).",NA,NA,NA,NA,NA,NA,NA
"ga:dcmLastEventCreativeTypeId","DIMENSION","STRING","DoubleClick Campaign Manager","PUBLIC","DFA Creative Type ID (DFA Model)","DCM creative type ID of the last DCM event (impression or click within the DCM lookback window) associated with the Google Analytics session (premium only).",NA,NA,NA,NA,NA,NA,NA
"ga:dcmLastEventCreativeVersion","DIMENSION","STRING","DoubleClick Campaign Manager","PUBLIC","DFA Creative Version (DFA Model)","DCM creative version of the last DCM event (impression or click within the DCM lookback window) associated with the Google Analytics session (premium only).",NA,NA,NA,NA,NA,NA,NA
"ga:dcmLastEventSite","DIMENSION","STRING","DoubleClick Campaign Manager","PUBLIC","DFA Site (DFA Model)","Site name where the DCM creative was shown and clicked on for the last DCM event (impression or click within the DCM lookback window) associated with the Google Analytics session (premium only).",NA,NA,NA,NA,NA,NA,NA
"ga:dcmLastEventSiteId","DIMENSION","STRING","DoubleClick Campaign Manager","PUBLIC","DFA Site ID (DFA Model)","DCM site ID where the DCM creative was shown and clicked on for the last DCM event (impression or click within the DCM lookback window) associated with the Google Analytics session (premium only).",NA,NA,NA,NA,NA,NA,NA
"ga:dcmLastEventSitePlacement","DIMENSION","STRING","DoubleClick Campaign Manager","PUBLIC","DFA Placement (DFA Model)","DCM site placement name of the last DCM event (impression or click within the DCM lookback window) associated with the Google Analytics session (premium only).",NA,NA,NA,NA,NA,NA,NA
"ga:dcmLastEventSitePlacementId","DIMENSION","STRING","DoubleClick Campaign Manager","PUBLIC","DFA Placement ID (DFA Model)","DCM site placement ID of the last DCM event (impression or click within the DCM lookback window) associated with the Google Analytics session (premium only).",NA,NA,NA,NA,NA,NA,NA
"ga:dcmLastEventSpotId","DIMENSION","STRING","DoubleClick Campaign Manager","PUBLIC","DFA Floodlight Configuration ID (DFA Model)","DCM Floodlight configuration ID of the last DCM event (impression or click within the DCM lookback window) associated with the Google Analytics session (premium only).",NA,NA,NA,NA,NA,NA,NA
"ga:dcmFloodlightQuantity","METRIC","INTEGER","DoubleClick Campaign Manager","PUBLIC","DFA Conversions","The number of DCM Floodlight conversions (premium only).",NA,NA,NA,NA,NA,NA,NA
"ga:dcmFloodlightRevenue","METRIC","CURRENCY","DoubleClick Campaign Manager","PUBLIC","DFA Revenue","DCM Floodlight revenue (premium only).",NA,NA,NA,NA,NA,NA,NA
"ga:landingContentGroupXX","DIMENSION","STRING","Content Grouping","PUBLIC","Landing Page Group XX","Content group of a user's landing page.",TRUE,NA,NA,1,5,NA,NA
"ga:previousContentGroupXX","DIMENSION","STRING","Content Grouping","PUBLIC","Previous Page Group XX","Refers to content group that was visited before another content group.",TRUE,NA,NA,1,5,NA,NA
"ga:contentGroupXX","DIMENSION","STRING","Content Grouping","PUBLIC","Page Group XX","Content group on a property. A content group is a collection of content providing a logical structure that can be determined by tracking code or page title/url regex match, or predefined rules.",TRUE,NA,NA,1,5,NA,NA
"ga:nextContentGroupXX","DIMENSION","STRING","Content Grouping","DEPRECATED","Next Page Group XX","This dimension is deprecated and will be removed soon. Please use ga:contentGroupXX instead.",TRUE,NA,NA,1,5,NA,NA
"ga:userAgeBracket","DIMENSION","STRING","Audience","PUBLIC","Age","Age bracket of user.",NA,NA,NA,NA,NA,NA,NA
"ga:visitorAgeBracket","DIMENSION","STRING","Audience","DEPRECATED","Age","Age bracket of user.",NA,"ga:userAgeBracket",NA,NA,NA,NA,NA
"ga:userGender","DIMENSION","STRING","Audience","PUBLIC","Gender","Gender of user.",NA,NA,NA,NA,NA,NA,NA
"ga:visitorGender","DIMENSION","STRING","Audience","DEPRECATED","Gender","Gender of user.",NA,"ga:userGender",NA,NA,NA,NA,NA
"ga:interestOtherCategory","DIMENSION","STRING","Audience","PUBLIC","Other Category","Indicates that users are more likely to be interested in learning about the specified category, and more likely to be ready to purchase.",NA,NA,NA,NA,NA,NA,NA
"ga:interestAffinityCategory","DIMENSION","STRING","Audience","PUBLIC","Affinity Category (reach)","Indicates that users are more likely to be interested in learning about the specified category.",NA,NA,NA,NA,NA,NA,NA
"ga:interestInMarketCategory","DIMENSION","STRING","Audience","PUBLIC","In-Market Segment","Indicates that users are more likely to be ready to purchase products or services in the specified category.",NA,NA,NA,NA,NA,NA,NA
"ga:adsenseRevenue","METRIC","CURRENCY","Adsense","PUBLIC","AdSense Revenue","The total revenue from AdSense ads.",TRUE,NA,NA,NA,NA,NA,NA
"ga:adsenseAdUnitsViewed","METRIC","INTEGER","Adsense","PUBLIC","AdSense Ad Units Viewed","The number of AdSense ad units viewed. An Ad unit is a set of ads displayed as a result of one piece of the AdSense ad code. Details: https://support.google.com/adsense/answer/32715?hl=en",TRUE,NA,NA,NA,NA,NA,NA
"ga:adsenseAdsViewed","METRIC","INTEGER","Adsense","PUBLIC","AdSense Impressions","The number of AdSense ads viewed. Multiple ads can be displayed within an Ad Unit.",TRUE,NA,NA,NA,NA,NA,NA
"ga:adsenseAdsClicks","METRIC","INTEGER","Adsense","PUBLIC","AdSense Ads Clicked","The number of times AdSense ads on your site were clicked.",TRUE,NA,NA,NA,NA,NA,NA
"ga:adsensePageImpressions","METRIC","INTEGER","Adsense","PUBLIC","AdSense Page Impressions","The number of pageviews during which an AdSense ad was displayed. A page impression can have multiple Ad Units.",TRUE,NA,NA,NA,NA,NA,NA
"ga:adsenseCTR","METRIC","PERCENT","Adsense","PUBLIC","AdSense CTR","The percentage of page impressions that resulted in a click on an AdSense ad.",NA,NA,"ga:adsenseAdsClicks/ga:adsensePageImpressions",NA,NA,NA,NA
"ga:adsenseECPM","METRIC","CURRENCY","Adsense","PUBLIC","AdSense eCPM","The estimated cost per thousand page impressions. It is your AdSense Revenue per 1000 page impressions.",NA,NA,"ga:adsenseRevenue/(ga:adsensePageImpressions/1000)",NA,NA,NA,NA
"ga:adsenseExits","METRIC","INTEGER","Adsense","PUBLIC","AdSense Exits","The number of sessions that ended due to a user clicking on an AdSense ad.",TRUE,NA,NA,NA,NA,NA,NA
"ga:adsenseViewableImpressionPercent","METRIC","PERCENT","Adsense","PUBLIC","AdSense Viewable Impression %","The percentage of impressions that were viewable.",NA,NA,NA,NA,NA,NA,NA
"ga:adsenseCoverage","METRIC","PERCENT","Adsense","PUBLIC","AdSense Coverage","The percentage of ad requests that returned at least one ad.",NA,NA,NA,NA,NA,NA,NA
"ga:adxImpressions","METRIC","INTEGER","Ad Exchange","PUBLIC","AdX Impressions","An AdX ad impression is reported whenever an individual ad is displayed on your website. For example, if a page with two ad units is viewed once, we'll display two impressions.",TRUE,NA,NA,NA,NA,NA,NA
"ga:adxCoverage","METRIC","PERCENT","Ad Exchange","PUBLIC","AdX Coverage","Coverage is the percentage of ad requests that returned at least one ad. Generally, coverage can help you identify sites where your AdX account isn't able to provide targeted ads. (Ad Impressions / Total Ad Requests) * 100",NA,NA,NA,NA,NA,NA,NA
"ga:adxMonetizedPageviews","METRIC","INTEGER","Ad Exchange","PUBLIC","AdX Monetized Pageviews","Monetized Pageviews measures the total number of pageviews on your property that were shown with an ad from your linked AdX account. Note - a single page can have multiple ad units.",TRUE,NA,NA,NA,NA,NA,NA
"ga:adxImpressionsPerSession","METRIC","FLOAT","Ad Exchange","PUBLIC","AdX Impressions / Session","The ratio of AdX ad impressions to Analytics sessions (Ad Impressions / Analytics Sessions).",NA,NA,NA,NA,NA,NA,NA
"ga:adxViewableImpressionsPercent","METRIC","PERCENT","Ad Exchange","PUBLIC","AdX Viewable Impressions %","The percentage of ad impressions that were viewable. An impression is considered a viewable impression when it has appeared within a user's browser and had the opportunity to be seen.",NA,NA,NA,NA,NA,NA,NA
"ga:adxClicks","METRIC","INTEGER","Ad Exchange","PUBLIC","AdX Clicks","The number of times AdX ads were clicked on your site.",TRUE,NA,NA,NA,NA,NA,NA
"ga:adxCTR","METRIC","PERCENT","Ad Exchange","PUBLIC","AdX CTR","The percentage of pageviews that resulted in a click on an AdX ad.",NA,NA,NA,NA,NA,NA,NA
"ga:adxRevenue","METRIC","CURRENCY","Ad Exchange","PUBLIC","AdX Revenue","The total estimated revenue from AdX ads.",TRUE,NA,NA,NA,NA,NA,NA
"ga:adxRevenuePer1000Sessions","METRIC","CURRENCY","Ad Exchange","PUBLIC","AdX Revenue / 1000 Sessions","The total estimated revenue from AdX ads per 1000 Analytics sessions. Note that this metric is based on sessions to your site and not ad impressions.",NA,NA,NA,NA,NA,NA,NA
"ga:adxECPM","METRIC","CURRENCY","Ad Exchange","PUBLIC","AdX eCPM","The effective cost per thousand pageviews. It is your AdX Revenue per 1000 pageviews.",NA,NA,NA,NA,NA,NA,NA
"ga:campaignCode","DIMENSION","STRING","Traffic Sources","PUBLIC","Campaign Code","When using manual campaign tracking, the value of the utm_id campaign tracking parameter.",NA,NA,NA,NA,NA,NA,NA
"ga:channelGrouping","DIMENSION","STRING","Channel Grouping","PUBLIC","Default Channel Grouping","The default channel grouping that is shared within the View (Profile).",TRUE,NA,NA,NA,NA,NA,NA
"ga:checkoutOptions","DIMENSION","STRING","Ecommerce","PUBLIC","Checkout Options","User options specified during the checkout process, e.g., FedEx, DHL, UPS for delivery options or Visa, MasterCard, AmEx for payment options. This dimension should be used along with ga:shoppingStage (Enhanced Ecommerce).",TRUE,NA,NA,NA,NA,NA,NA
"ga:cityId","DIMENSION","STRING","Geo Network","PUBLIC","City ID","The city IDs of users, derived from IP addresses or Geographical IDs. The city IDs are the same as the Criteria IDs found at: https://developers.google.com/analytics/devguides/collection/protocol/v1/geoid",FALSE,NA,NA,NA,NA,NA,NA
"ga:correlationModelId","DIMENSION","STRING","Related Products","PUBLIC","Correlation Model ID","Correlation Model ID for related products.",NA,NA,NA,NA,NA,NA,NA
"ga:countryIsoCode","DIMENSION","STRING","Geo Network","PUBLIC","Country ISO Code","The country ISO code of users, derived from IP addresses or Geographical IDs. Values are given as an ISO-3166-1 alpha-2 code.",FALSE,NA,NA,NA,NA,NA,NA
"ga:dataSource","DIMENSION","STRING","Platform or Device","PUBLIC","Data Source","The data source of a hit. By default, hits sent from ga.js and analytics.js are reported as ""web"". Hits sent from the mobile SDKs are reported as ""app"". These values can be overridden in the Measurement Protocol.",TRUE,NA,NA,NA,NA,NA,NA
"ga:internalPromotionCreative","DIMENSION","STRING","Ecommerce","PUBLIC","Internal Promotion Creative","The creative content designed for a promotion (Enhanced Ecommerce).",TRUE,NA,NA,NA,NA,NA,NA
"ga:internalPromotionId","DIMENSION","STRING","Ecommerce","PUBLIC","Internal Promotion ID","The ID of the promotion (Enhanced Ecommerce).",TRUE,NA,NA,NA,NA,NA,NA
"ga:internalPromotionName","DIMENSION","STRING","Ecommerce","PUBLIC","Internal Promotion Name","The name of the promotion (Enhanced Ecommerce).",TRUE,NA,NA,NA,NA,NA,NA
"ga:internalPromotionPosition","DIMENSION","STRING","Ecommerce","PUBLIC","Internal Promotion Position","The position of the promotion on the web page or application screen (Enhanced Ecommerce).",TRUE,NA,NA,NA,NA,NA,NA
"ga:isTrueViewVideoAd","DIMENSION","STRING","Adwords","PUBLIC","TrueView Video Ad","'Yes' or 'No' - Indicates whether the ad is an AdWords TrueView video ad.",NA,NA,NA,NA,NA,NA,NA
"ga:nthHour","DIMENSION","STRING","Time","PUBLIC","Hour Index","Index for each hour in the specified date range. Index for the first hour of first day (i.e., start-date) in the date range is 0, 1 for the next hour, and so on.",NA,NA,NA,NA,NA,NA,NA
"ga:orderCouponCode","DIMENSION","STRING","Ecommerce","PUBLIC","Order Coupon Code","Code for the order-level coupon (Enhanced Ecommerce).",TRUE,NA,NA,NA,NA,NA,NA
"ga:productBrand","DIMENSION","STRING","Ecommerce","PUBLIC","Product Brand","The brand name under which the product is sold (Enhanced Ecommerce).",TRUE,NA,NA,NA,NA,NA,NA
"ga:productCategoryHierarchy","DIMENSION","STRING","Ecommerce","PUBLIC","Product Category (Enhanced Ecommerce)","The hierarchical category in which the product is classified (Enhanced Ecommerce).",TRUE,NA,NA,NA,NA,NA,NA
"ga:productCategoryLevelXX","DIMENSION","STRING","Ecommerce","PUBLIC","Product Category Level XX","Level (1-5) in the product category hierarchy, starting from the top (Enhanced Ecommerce).",TRUE,NA,NA,1,5,NA,NA
"ga:productCouponCode","DIMENSION","STRING","Ecommerce","PUBLIC","Product Coupon Code","Code for the product-level coupon (Enhanced Ecommerce).",TRUE,NA,NA,NA,NA,NA,NA
"ga:productListName","DIMENSION","STRING","Ecommerce","PUBLIC","Product List Name","The name of the product list in which the product appears (Enhanced Ecommerce).",TRUE,NA,NA,NA,NA,NA,NA
"ga:productListPosition","DIMENSION","STRING","Ecommerce","PUBLIC","Product List Position","The position of the product in the product list (Enhanced Ecommerce).",TRUE,NA,NA,NA,NA,NA,NA
"ga:productVariant","DIMENSION","STRING","Ecommerce","PUBLIC","Product Variant","The specific variation of a product, e.g., XS, S, M, L for size or Red, Blue, Green, Black for color (Enhanced Ecommerce).",TRUE,NA,NA,NA,NA,NA,NA
"ga:queryProductId","DIMENSION","STRING","Related Products","PUBLIC","Queried Product ID","ID of the product being queried.",NA,NA,NA,NA,NA,NA,NA
"ga:queryProductName","DIMENSION","STRING","Related Products","PUBLIC","Queried Product Name","Name of the product being queried.",NA,NA,NA,NA,NA,NA,NA
"ga:queryProductVariation","DIMENSION","STRING","Related Products","PUBLIC","Queried Product Variation","Variation of the product being queried.",NA,NA,NA,NA,NA,NA,NA
"ga:regionId","DIMENSION","STRING","Geo Network","PUBLIC","Region ID","The region ID of users, derived from IP addresses or Geographical IDs. In the U.S., a region is a state, such as New York. The region IDs are the same as the Criteria IDs found at: https://developers.google.com/analytics/devguides/collection/protocol/v1/geoid",FALSE,NA,NA,NA,NA,NA,NA
"ga:regionIsoCode","DIMENSION","STRING","Geo Network","PUBLIC","Region ISO Code","The region ISO code of users, derived from IP addresses or Geographical IDs. Values are given as an ISO-3166-2 code.",FALSE,NA,NA,NA,NA,NA,NA
"ga:relatedProductId","DIMENSION","STRING","Related Products","PUBLIC","Related Product ID","ID of the related product.",NA,NA,NA,NA,NA,NA,NA
"ga:relatedProductName","DIMENSION","STRING","Related Products","PUBLIC","Related Product Name","Name of the related product.",NA,NA,NA,NA,NA,NA,NA
"ga:relatedProductVariation","DIMENSION","STRING","Related Products","PUBLIC","Related Product Variation","Variation of the related product.",NA,NA,NA,NA,NA,NA,NA
"ga:shoppingStage","DIMENSION","STRING","Ecommerce","PUBLIC","Shopping Stage","Various stages of the shopping experience that users completed in a session, e.g., PRODUCT_VIEW, ADD_TO_CART, CHECKOUT, etc. (Enhanced Ecommerce).",TRUE,NA,NA,NA,NA,NA,NA
"ga:subContinentCode","DIMENSION","STRING","Geo Network","PUBLIC","Sub Continent Code","The sub-continent code of users, derived from IP addresses or Geographical IDs. For example, Polynesia or Northern Europe. Values are given as a UN M.49 code.",NA,NA,NA,NA,NA,NA,NA
"ga:buyToDetailRate","METRIC","PERCENT","Ecommerce","PUBLIC","Buy-to-Detail Rate","Unique purchases divided by views of product detail pages (Enhanced Ecommerce).",NA,NA,NA,NA,NA,NA,NA
"ga:cartToDetailRate","METRIC","PERCENT","Ecommerce","PUBLIC","Cart-to-Detail Rate","Product adds divided by views of product details (Enhanced Ecommerce).",NA,NA,NA,NA,NA,NA,NA
"ga:correlationScore","METRIC","CURRENCY","Related Products","PUBLIC","Correlation Score","Correlation Score for related products.",NA,NA,NA,NA,NA,NA,NA
"ga:dcmCPC","METRIC","CURRENCY","DoubleClick Campaign Manager","PUBLIC","DFA CPC","DCM Cost Per Click (premium only).",NA,NA,NA,NA,NA,NA,NA
"ga:dcmCTR","METRIC","PERCENT","DoubleClick Campaign Manager","PUBLIC","DFA CTR","DCM Click Through Rate (premium only).",NA,NA,NA,NA,NA,NA,NA
"ga:dcmClicks","METRIC","INTEGER","DoubleClick Campaign Manager","PUBLIC","DFA Clicks","DCM Total Clicks (premium only).",NA,NA,NA,NA,NA,NA,NA
"ga:dcmCost","METRIC","CURRENCY","DoubleClick Campaign Manager","PUBLIC","DFA Cost","DCM Total Cost (premium only).",NA,NA,NA,NA,NA,NA,NA
"ga:dcmImpressions","METRIC","INTEGER","DoubleClick Campaign Manager","PUBLIC","DFA Impressions","DCM Total Impressions (premium only).",NA,NA,NA,NA,NA,NA,NA
"ga:dcmMargin","METRIC","PERCENT","DoubleClick Campaign Manager","DEPRECATED","DFA Margin","This metric is deprecated and will be removed soon. Please use ga:dcmROAS instead.",NA,NA,NA,NA,NA,NA,NA
"ga:dcmROAS","METRIC","PERCENT","DoubleClick Campaign Manager","PUBLIC","DFA ROAS","DCM Return On Ad Spend (ROAS) (premium only).",NA,NA,NA,NA,NA,NA,NA
"ga:dcmROI","METRIC","PERCENT","DoubleClick Campaign Manager","DEPRECATED","DFA ROI","This metric is deprecated and will be removed soon. Please use ga:dcmROAS instead.",NA,NA,NA,NA,NA,NA,NA
"ga:dcmRPC","METRIC","CURRENCY","DoubleClick Campaign Manager","PUBLIC","DFA RPC","DCM Revenue Per Click (premium only).",NA,NA,NA,NA,NA,NA,NA
"ga:hits","METRIC","INTEGER","Session","PUBLIC","Hits","Total number of hits sent to Google Analytics, for the view (profile). This metric sums all hit types, including pageview, custom event, ecommerce, and other types. Note that this number is based on the view (profile), not the property, and therefore is not the same as the property's hit volume.",TRUE,NA,NA,NA,NA,NA,NA
"ga:internalPromotionCTR","METRIC","PERCENT","Ecommerce","PUBLIC","Internal Promotion CTR","The rate at which users clicked through to view the internal promotion (ga:internalPromotionClicks / ga:internalPromotionViews) - (Enhanced Ecommerce).",NA,NA,"ga:internalPromotionClicks / ga:internalPromotionViews",NA,NA,NA,NA
"ga:internalPromotionClicks","METRIC","INTEGER","Ecommerce","PUBLIC","Internal Promotion Clicks","The number of clicks on an internal promotion (Enhanced Ecommerce).",TRUE,NA,NA,NA,NA,NA,NA
"ga:internalPromotionViews","METRIC","INTEGER","Ecommerce","PUBLIC","Internal Promotion Views","The number of views of an internal promotion (Enhanced Ecommerce).",TRUE,NA,NA,NA,NA,NA,NA
"ga:localProductRefundAmount","METRIC","CURRENCY","Ecommerce","PUBLIC","Local Product Refund Amount","Refund amount for a given product in the local currency (Enhanced Ecommerce).",TRUE,NA,NA,NA,NA,NA,NA
"ga:localRefundAmount","METRIC","CURRENCY","Ecommerce","PUBLIC","Local Refund Amount","Total refund amount for the transaction in the local currency (Enhanced Ecommerce).",TRUE,NA,NA,NA,NA,NA,NA
"ga:productAddsToCart","METRIC","INTEGER","Ecommerce","PUBLIC","Product Adds To Cart","Number of times the product was added to the shopping cart (Enhanced Ecommerce).",TRUE,NA,NA,NA,NA,NA,NA
"ga:productCheckouts","METRIC","INTEGER","Ecommerce","PUBLIC","Product Checkouts","Number of times the product was included in the check-out process (Enhanced Ecommerce).",TRUE,NA,NA,NA,NA,NA,NA
"ga:productDetailViews","METRIC","INTEGER","Ecommerce","PUBLIC","Product Detail Views","Number of times users viewed the product-detail page (Enhanced Ecommerce).",TRUE,NA,NA,NA,NA,NA,NA
"ga:productListCTR","METRIC","PERCENT","Ecommerce","PUBLIC","Product List CTR","The rate at which users clicked through on the product in a product list (ga:productListClicks / ga:productListViews) - (Enhanced Ecommerce).",NA,NA,"ga:productListClicks / ga:productListViews",NA,NA,NA,NA
"ga:productListClicks","METRIC","INTEGER","Ecommerce","PUBLIC","Product List Clicks","Number of times users clicked the product when it appeared in the product list (Enhanced Ecommerce).",TRUE,NA,NA,NA,NA,NA,NA
"ga:productListViews","METRIC","INTEGER","Ecommerce","PUBLIC","Product List Views","Number of times the product appeared in a product list (Enhanced Ecommerce).",TRUE,NA,NA,NA,NA,NA,NA
"ga:productRefundAmount","METRIC","CURRENCY","Ecommerce","PUBLIC","Product Refund Amount","Total refund amount associated with the product (Enhanced Ecommerce).",TRUE,NA,NA,NA,NA,NA,NA
"ga:productRefunds","METRIC","INTEGER","Ecommerce","PUBLIC","Product Refunds","Number of times a refund was issued for the product (Enhanced Ecommerce).",TRUE,NA,NA,NA,NA,NA,NA
"ga:productRemovesFromCart","METRIC","INTEGER","Ecommerce","PUBLIC","Product Removes From Cart","Number of times the product was removed from shopping cart (Enhanced Ecommerce).",TRUE,NA,NA,NA,NA,NA,NA
"ga:productRevenuePerPurchase","METRIC","CURRENCY","Ecommerce","PUBLIC","Product Revenue per Purchase","Average product revenue per purchase (commonly used with Product Coupon Code) (ga:itemRevenue / ga:uniquePurchases) - (Enhanced Ecommerce).",NA,NA,"ga:itemRevenue / ga:uniquePurchases",NA,NA,NA,NA
"ga:quantityAddedToCart","METRIC","INTEGER","Ecommerce","PUBLIC","Quantity Added To Cart","Number of product units added to the shopping cart (Enhanced Ecommerce).",TRUE,NA,NA,NA,NA,NA,NA
"ga:quantityCheckedOut","METRIC","INTEGER","Ecommerce","PUBLIC","Quantity Checked Out","Number of product units included in check out (Enhanced Ecommerce).",TRUE,NA,NA,NA,NA,NA,NA
"ga:quantityRefunded","METRIC","INTEGER","Ecommerce","PUBLIC","Quantity Refunded","Number of product units refunded (Enhanced Ecommerce).",TRUE,NA,NA,NA,NA,NA,NA
"ga:quantityRemovedFromCart","METRIC","INTEGER","Ecommerce","PUBLIC","Quantity Removed From Cart","Number of product units removed from cart (Enhanced Ecommerce).",TRUE,NA,NA,NA,NA,NA,NA
"ga:queryProductQuantity","METRIC","INTEGER","Related Products","PUBLIC","Queried Product Quantity","Quantity of the product being queried.",NA,NA,NA,NA,NA,NA,NA
"ga:refundAmount","METRIC","CURRENCY","Ecommerce","PUBLIC","Refund Amount","Currency amount refunded for a transaction (Enhanced Ecommerce).",TRUE,NA,NA,NA,NA,NA,NA
"ga:relatedProductQuantity","METRIC","INTEGER","Related Products","PUBLIC","Related Product Quantity","Quantity of the related product.",NA,NA,NA,NA,NA,NA,NA
"ga:revenuePerUser","METRIC","CURRENCY","Ecommerce","PUBLIC","Revenue per User","The total sale revenue provided in the transaction excluding shipping and tax divided by the total number of users.",FALSE,NA,NA,NA,NA,NA,NA
"ga:sessionsPerUser","METRIC","FLOAT","User","PUBLIC","Number of Sessions per User","The total number of sessions divided by the total number of users.",FALSE,NA,NA,NA,NA,NA,NA
"ga:totalRefunds","METRIC","INTEGER","Ecommerce","PUBLIC","Refunds","Number of refunds that have been issued (Enhanced Ecommerce).",TRUE,NA,NA,NA,NA,NA,NA
"ga:transactionsPerUser","METRIC","FLOAT","Ecommerce","PUBLIC","Transactions per User","The total number of transactions divided by the total number of users.",FALSE,NA,NA,NA,NA,NA,NA
